id,ident,type,name,latitude_deg,longitude_deg,elevation_ft,continent,country_name,iso_country,region_name,iso_region,local_region,municipality,scheduled_service,gps_code,iata_code,local_code,home_link,wikipedia_link,keywords,score,last_updated
3356,KABE,medium_airport,Lehigh Valley International Airport,40.651773,-75.442797,393,NA,United States,US,Pennsylvania,US-PA,PA,Allentown,1,KABE,ABE,ABE,,https://en.wikipedia.org/wiki/Lehigh_Valley_International_Airport,,750,2022-03-04T10:29:37+00:00
3357,KABI,medium_airport,Abilene Regional Airport,32.41130066,-99.68190002,1791,NA,United States,US,Texas,US-TX,TX,Abilene,1,KABI,ABI,ABI,,https://en.wikipedia.org/wiki/Abilene_Regional_Airport,,500,2011-09-03T02:33:57+00:00
16091,KABQ,medium_airport,Albuquerque International Sunport,35.040199,-106.609001,5355,NA,United States,US,New Mexico,US-NM,NM,Albuquerque,1,KABQ,ABQ,ABQ,http://www.abqsunport.com/,https://en.wikipedia.org/wiki/Albuquerque_International_Sunport,,500,2021-11-21T14:58:42+00:00
3358,KABR,medium_airport,Aberdeen Regional Airport,45.44910049,-98.42179871,1302,NA,United States,US,South Dakota,US-SD,SD,Aberdeen,1,KABR,ABR,ABR,,https://en.wikipedia.org/wiki/Aberdeen_Regional_Airport,,750,2008-06-13T14:30:04+00:00
3359,KABY,medium_airport,Southwest Georgia Regional Airport,31.532946,-84.196215,197,NA,United States,US,Georgia,US-GA,GA,Albany,1,KABY,ABY,ABY,,https://en.wikipedia.org/wiki/Southwest_Georgia_Regional_Airport,,750,2021-10-06T17:37:28+00:00
3360,KACK,medium_airport,Nantucket Memorial Airport,41.25310135,-70.06020355,47,NA,United States,US,Massachusetts,US-MA,MA,Nantucket,1,KACK,ACK,ACK,,https://en.wikipedia.org/wiki/Nantucket_Memorial_Airport,,750,2010-01-23T11:27:45+00:00
3361,KACT,medium_airport,Waco Regional Airport,31.61129951,-97.23049927,516,NA,United States,US,Texas,US-TX,TX,Waco,1,KACT,ACT,ACT,,https://en.wikipedia.org/wiki/Waco_Regional_Airport,,750,2008-06-13T14:30:04+00:00
3362,KACV,medium_airport,California Redwood Coast-Humboldt County Airport,40.978101,-124.109,221,NA,United States,US,California,US-CA,CA,Arcata/Eureka,1,KACV,ACV,ACV,,https://en.wikipedia.org/wiki/Arcata-Eureka_Airport,Arcata Airport,750,2021-11-21T11:19:58+00:00
3363,KACY,medium_airport,Atlantic City International Airport,39.45759964,-74.57720184,75,NA,United States,US,New Jersey,US-NJ,NJ,Atlantic City,1,KACY,ACY,ACY,,https://en.wikipedia.org/wiki/Atlantic_City_International_Airport,,750,2008-06-13T14:30:04+00:00
5353,PADQ,medium_airport,Kodiak Airport,57.75,-152.4940033,78,NA,United States,US,Alaska,US-AK,AK,Kodiak,1,PADQ,ADQ,ADQ,,https://en.wikipedia.org/wiki/Kodiak_Airport,,750,2010-01-23T11:28:10+00:00
3365,KAEX,medium_airport,Alexandria International Airport,31.3274,-92.549797,89,NA,United States,US,Louisiana,US-LA,LA,Alexandria,1,KAEX,AEX,AEX,,https://en.wikipedia.org/wiki/Alexandria_International_Airport_(Louisiana),"England Air Park, England Air Force Base",750,2021-03-01T15:20:13+00:00
3368,KAGS,medium_airport,Augusta Regional At Bush Field,33.3699,-81.9645,144,NA,United States,US,Georgia,US-GA,GA,Augusta,1,KAGS,AGS,AGS,,https://en.wikipedia.org/wiki/Augusta_Regional_Airport,,750,2021-11-20T15:40:33+00:00
5380,PAKN,medium_airport,King Salmon Airport,58.677845,-156.651965,73,NA,United States,US,Alaska,US-AK,AK,King Salmon,1,PAKN,AKN,AKN,,https://en.wikipedia.org/wiki/King_Salmon_Airport,Naknek Air Force Base,750,2021-03-25T11:32:59+00:00
5383,PAKW,medium_airport,Klawock Airport,55.579201,-133.076004,80,NA,United States,US,Alaska,US-AK,AK,Klawock,0,PAKW,KLW,AKW,,https://en.wikipedia.org/wiki/Klawock_Airport,9Z1,250,2022-08-08T20:52:39+00:00
3371,KALB,medium_airport,Albany International Airport,42.74829865,-73.80169678,285,NA,United States,US,New York,US-NY,NY,Albany,1,KALB,ALB,ALB,http://www.albanyairport.com/,https://en.wikipedia.org/wiki/Albany_International_Airport,,750,2008-06-13T14:30:04+00:00
19275,KALS,medium_airport,San Luis Valley Regional Airport/Bergman Field,37.434898,-105.866997,7539,NA,United States,US,Colorado,US-CO,CO,Alamosa,1,KALS,ALS,ALS,https://www.sanluisvalleyairport.org/,https://en.wikipedia.org/wiki/San_Luis_Valley_Regional_Airport,,500,2021-01-02T00:25:16+00:00
3376,KALW,medium_airport,Walla Walla Regional Airport,46.09489822,-118.288002,1194,NA,United States,US,Washington,US-WA,WA,Walla Walla,1,KALW,ALW,ALW,,https://en.wikipedia.org/wiki/Walla_Walla_Regional_Airport,,750,2010-01-23T11:27:46+00:00
3377,KAMA,medium_airport,Rick Husband Amarillo International Airport,35.219398,-101.706001,3607,NA,United States,US,Texas,US-TX,TX,Amarillo,1,KAMA,AMA,AMA,http://airport.amarillo.gov/,https://en.wikipedia.org/wiki/Rick_Husband_Amarillo_International_Airport,,750,2021-11-20T15:28:26+00:00
5388,PANC,large_airport,Ted Stevens Anchorage International Airport,61.1744,-149.996002,152,NA,United States,US,Alaska,US-AK,AK,Anchorage,1,PANC,ANC,ANC,,https://en.wikipedia.org/wiki/Ted_Stevens_Anchorage_International_Airport,,1475,2021-07-22T18:16:22+00:00
3382,KAPN,medium_airport,Alpena County Regional Airport,45.0780983,-83.56030273,690,NA,United States,US,Michigan,US-MI,MI,Alpena,1,KAPN,APN,APN,,https://en.wikipedia.org/wiki/Alpena_County_Regional_Airport,,750,2010-01-23T11:27:46+00:00
3383,KART,medium_airport,Watertown International Airport,43.991901,-76.021698,325,NA,United States,US,New York,US-NY,NY,Watertown,1,KART,ART,ART,,https://en.wikipedia.org/wiki/Watertown_International_Airport,,750,2022-11-08T16:46:24+00:00
19308,KASE,medium_airport,Aspen-Pitkin County Airport (Sardy Field),39.223202,-106.869003,7820,NA,United States,US,Colorado,US-CO,CO,Aspen,1,KASE,ASE,ASE,http://aspenairport.com/,https://en.wikipedia.org/wiki/Aspen%E2%80%93Pitkin_County_Airport,,500,2022-12-15T16:06:02+00:00
3384,KATL,large_airport,Hartsfield Jackson Atlanta International Airport,33.6367,-84.428101,1026,NA,United States,US,Georgia,US-GA,GA,Atlanta,1,KATL,ATL,ATL,http://www.atlanta-airport.com/,https://en.wikipedia.org/wiki/Hartsfield–Jackson_Atlanta_International_Airport,,2002475,2018-09-19T14:50:01+00:00
3385,KATY,medium_airport,Watertown Regional Airport,44.91400146,-97.15470123,1749,NA,United States,US,South Dakota,US-SD,SD,Watertown,1,KATY,ATY,ATY,,https://en.wikipedia.org/wiki/Watertown_Regional_Airport,,750,2010-01-23T11:27:46+00:00
3386,KAUS,large_airport,Austin Bergstrom International Airport,30.197535,-97.662015,542,NA,United States,US,Texas,US-TX,TX,Austin,1,KAUS,AUS,AUS,http://www.ci.austin.tx.us/austinairport/,https://en.wikipedia.org/wiki/Austin-Bergstrom_International_Airport,,51675,2021-05-13T19:39:21+00:00
3387,KAVL,medium_airport,Asheville Regional Airport,35.436199,-82.541801,2165,NA,United States,US,North Carolina,US-NC,NC,Asheville,1,KAVL,AVL,AVL,,https://en.wikipedia.org/wiki/Asheville_Regional_Airport,,750,2021-08-01T09:49:00+00:00
3388,KAVP,medium_airport,Wilkes Barre Scranton International Airport,41.33850098,-75.7233963,962,NA,United States,US,Pennsylvania,US-PA,PA,Wilkes-Barre/Scranton,1,KAVP,AVP,AVP,http://www.flyavp.com/,https://en.wikipedia.org/wiki/Wilkes-Barre/Scranton_International_Airport,,750,2012-06-17T10:28:37+00:00
3390,KAZO,medium_airport,Kalamazoo Battle Creek International Airport,42.23490143,-85.55210114,874,NA,United States,US,Michigan,US-MI,MI,Kalamazoo,1,KAZO,AZO,AZO,,https://en.wikipedia.org/wiki/Kalamazoo-Battle_Creek_International_Airport,,750,2008-06-13T14:30:04+00:00
3396,KBDL,medium_airport,Bradley International Airport,41.93851,-72.688066,173,NA,United States,US,Connecticut,US-CT,CT,Hartford,1,KBDL,BDL,BDL,http://www.bradleyairport.com/,https://en.wikipedia.org/wiki/Bradley_International_Airport,"HFD, Hartford",750,2021-11-22T14:10:49+00:00
5338,PABE,medium_airport,Bethel Airport,60.77980042,-161.8379974,126,NA,United States,US,Alaska,US-AK,AK,Bethel,1,PABE,BET,BET,,https://en.wikipedia.org/wiki/Bethel_Airport,,750,2010-01-23T11:28:09+00:00
3400,KBFF,medium_airport,Western Neb. Rgnl/William B. Heilig Airport,41.87400055,-103.5960007,3967,NA,United States,US,Nebraska,US-NE,NE,Scottsbluff,1,KBFF,BFF,BFF,,https://en.wikipedia.org/wiki/Western_Nebraska_Regional_Airport,William B. Heilig Field,750,2010-01-26T11:00:03+00:00
3401,KBFI,medium_airport,Boeing Field King County International Airport,47.529999,-122.302002,21,NA,United States,US,Washington,US-WA,WA,Seattle,1,KBFI,BFI,BFI,,https://en.wikipedia.org/wiki/Boeing_Field,,750,2021-08-01T10:13:21+00:00
3402,KBFL,medium_airport,Meadows Field,35.433601,-119.056999,510,NA,United States,US,California,US-CA,CA,Bakersfield,1,KBFL,BFL,BFL,,https://en.wikipedia.org/wiki/Meadows_Field_Airport,,500,2021-04-14T15:21:17+00:00
3404,KBGM,medium_airport,Greater Binghamton/Edwin A Link field,42.20869827,-75.97979736,1636,NA,United States,US,New York,US-NY,NY,Binghamton,1,KBGM,BGM,BGM,http://binghamtonairport.com/,https://en.wikipedia.org/wiki/Greater_Binghamton_Airport,"Broome County Airport, Edwin A Link Field",750,2010-01-23T11:27:46+00:00
3405,KBGR,medium_airport,Bangor International Airport,44.8074,-68.828102,192,NA,United States,US,Maine,US-ME,ME,Bangor,1,KBGR,BGR,BGR,,https://en.wikipedia.org/wiki/Bangor_International_Airport,,750,2021-11-21T15:05:48+00:00
3406,KBHM,medium_airport,Birmingham-Shuttlesworth International Airport,33.562901,-86.753502,650,NA,United States,US,Alabama,US-AL,AL,Birmingham,1,KBHM,BHM,BHM,http://www.flybirmingham.com/,https://en.wikipedia.org/wiki/Birmingham_International_Airport_(US),,750,2021-11-21T15:02:17+00:00
3408,KBIL,medium_airport,Billings Logan International Airport,45.807701,-108.542999,3652,NA,United States,US,Montana,US-MT,MT,Billings,1,KBIL,BIL,BIL,,https://en.wikipedia.org/wiki/Billings_Logan_International_Airport,,750,2021-11-20T15:29:45+00:00
3409,KBIS,medium_airport,Bismarck Municipal Airport,46.77270126,-100.7460022,1661,NA,United States,US,North Dakota,US-ND,ND,Bismarck,1,KBIS,BIS,BIS,http://bismarckairport.com/,https://en.wikipedia.org/wiki/Bismarck_Municipal_Airport,,750,2008-06-13T14:30:04+00:00
19380,KBJI,medium_airport,Bemidji Regional Airport,47.50939941,-94.93370056,1391,NA,United States,US,Minnesota,US-MN,MN,Bemidji,0,KBJI,BJI,BJI,http://www.bemidjiairport.org/,https://en.wikipedia.org/wiki/Bemidji_Regional_Airport,,250,2014-02-18T22:29:14+00:00
3416,KBLI,medium_airport,Bellingham International Airport,48.7928009,-122.538002,170,NA,United States,US,Washington,US-WA,WA,Bellingham,1,KBLI,BLI,BLI,,https://en.wikipedia.org/wiki/Bellingham_International_Airport,,750,2008-06-13T14:30:04+00:00
3417,KBLV,medium_airport,Scott AFB/Midamerica Airport,38.5452,-89.835197,459,NA,United States,US,Illinois,US-IL,IL,Belleville,1,KBLV,BLV,BLV,,https://en.wikipedia.org/wiki/Scott_Air_Force_Base,Scott Air Force Base,750,2021-11-21T15:32:20+00:00
3419,KBMI,medium_airport,Central Illinois Regional Airport at Bloomington-Normal,40.4771,-88.915901,871,NA,United States,US,Illinois,US-IL,IL,Bloomington/Normal,1,KBMI,BMI,BMI,,https://en.wikipedia.org/wiki/Central_Illinois_Regional_Airport,,750,2021-11-20T15:38:55+00:00
3420,KBNA,large_airport,Nashville International Airport,36.12450027,-86.67819977,599,NA,United States,US,Tennessee,US-TN,TN,Nashville,1,KBNA,BNA,BNA,,https://en.wikipedia.org/wiki/Nashville_International_Airport,,52075,2008-06-13T14:30:04+00:00
3421,KBOI,medium_airport,Boise Air Terminal/Gowen Field,43.5644,-116.223,2871,NA,United States,US,Idaho,US-ID,ID,Boise,1,KBOI,BOI,BOI,http://www.cityofboise.org/departments/airport/,https://en.wikipedia.org/wiki/Boise_Airport,"Boise Air Terminal, Gowen Field",750,2021-11-21T15:02:39+00:00
3422,KBOS,large_airport,Logan International Airport,42.3643,-71.005203,20,NA,United States,US,Massachusetts,US-MA,MA,Boston,1,KBOS,BOS,BOS,http://www.massport.com/logan/,https://en.wikipedia.org/wiki/Logan_International_Airport,General Edward Lawrence Logan International Airport,1035875,2021-04-09T01:43:35+00:00
3423,KBPT,medium_airport,Jack Brooks Regional Airport,29.9508,-94.020699,15,NA,United States,US,Texas,US-TX,TX,Beaumont/Port Arthur,1,KBPT,BPT,BPT,https://flysetx.com/,https://en.wikipedia.org/wiki/Jack_Brooks_Regional_Airport,Southeast Texas Regional,750,2021-02-20T09:48:28+00:00
3424,KBQK,medium_airport,Brunswick Golden Isles Airport,31.25880051,-81.46649933,26,NA,United States,US,Georgia,US-GA,GA,Brunswick,1,KBQK,BQK,BQK,,https://en.wikipedia.org/wiki/Brunswick_Golden_Isles_Airport,,750,2008-06-13T14:30:04+00:00
19406,KBRD,medium_airport,Brainerd Lakes Regional Airport,46.402861,-94.129727,1232,NA,United States,US,Minnesota,US-MN,MN,Brainerd,1,KBRD,BRD,BRD,http://brainerdairport.com/,https://en.wikipedia.org/wiki/Brainerd_Lakes_Regional_Airport,Crow Wing County Airport,500,2022-02-11T17:20:40+00:00
3426,KBRO,medium_airport,Brownsville South Padre Island International Airport,25.90679932,-97.42590332,22,NA,United States,US,Texas,US-TX,TX,Brownsville,1,KBRO,BRO,BRO,,https://en.wikipedia.org/wiki/Brownsville/South_Padre_Island_International_Airport,,750,2008-06-13T14:30:04+00:00
5342,PABR,medium_airport,Wiley Post Will Rogers Memorial Airport,71.285402,-156.766008,44,NA,United States,US,Alaska,US-AK,AK,Utqiaġvik,1,PABR,BRW,BRW,,https://en.wikipedia.org/wiki/Wiley_Post-Will_Rogers_Memorial_Airport,Barrow,750,2016-12-03T12:42:48+00:00
3428,KBTM,medium_airport,Bert Mooney Airport,45.95479965,-112.4970016,5550,NA,United States,US,Montana,US-MT,MT,Butte,1,KBTM,BTM,BTM,,https://en.wikipedia.org/wiki/Bert_Mooney_Airport,,750,2008-06-13T14:30:04+00:00
3429,KBTR,medium_airport,Baton Rouge Metropolitan Airport,30.533199,-91.149597,70,NA,United States,US,Louisiana,US-LA,LA,Baton Rouge,1,KBTR,BTR,BTR,,https://en.wikipedia.org/wiki/Baton_Rouge_Metropolitan_Airport,,750,2018-09-15T18:52:59+00:00
3430,KBTV,medium_airport,Burlington International Airport,44.471901,-73.153297,335,NA,United States,US,Vermont,US-VT,VT,South Burlington,1,KBTV,BTV,BTV,http://www.vermontairports.com/btv.html,https://en.wikipedia.org/wiki/Burlington_International_Airport,,750,2022-03-08T12:29:11+00:00
3431,KBUF,large_airport,Buffalo Niagara International Airport,42.94049835,-78.73220062,728,NA,United States,US,New York,US-NY,NY,Buffalo,1,KBUF,BUF,BUF,,https://en.wikipedia.org/wiki/Buffalo_Niagara_International_Airport,,1475,2010-01-23T11:27:48+00:00
3432,KBUR,medium_airport,Bob Hope Airport,34.197703,-118.356378,778,NA,United States,US,California,US-CA,CA,Burbank,1,KBUR,BUR,BUR,,,,750,2021-03-26T10:42:14+00:00
18945,K61B,medium_airport,Boulder City Municipal Airport,35.947498,-114.861,2201,NA,United States,US,Nevada,US-NV,NV,Boulder City,0,KBVU,BLD,BVU,,https://en.wikipedia.org/wiki/Boulder_City_Municipal_Airport,61B,250,2022-10-23T22:46:25+00:00
3435,KBWI,large_airport,Baltimore/Washington International Thurgood Marshall Airport,39.1754,-76.668297,146,NA,United States,US,Maryland,US-MD,MD,Baltimore,1,KBWI,BWI,BWI,https://www.bwiairport.com/,https://en.wikipedia.org/wiki/Baltimore%E2%80%93Washington_International_Airport,WAS,1021075,2018-09-16T02:37:47+00:00
3437,KBZN,medium_airport,Gallatin Field,45.77750015,-111.1529999,4473,NA,United States,US,Montana,US-MT,MT,Bozeman,1,KBZN,BZN,BZN,,https://en.wikipedia.org/wiki/Gallatin_Field_Airport,,750,2010-01-23T11:27:48+00:00
3438,KCAE,medium_airport,Columbia Metropolitan Airport,33.938801,-81.119499,236,NA,United States,US,South Carolina,US-SC,SC,Columbia,1,KCAE,CAE,CAE,,https://en.wikipedia.org/wiki/Columbia_Metropolitan_Airport,,750,2021-11-20T16:26:07+00:00
3439,KCAK,medium_airport,Akron Canton Regional Airport,40.91609955,-81.44219971,1228,NA,United States,US,Ohio,US-OH,OH,Akron,1,KCAK,CAK,CAK,,https://en.wikipedia.org/wiki/Akron-Canton_Regional_Airport,,750,2008-06-13T14:30:04+00:00
3442,KCDC,medium_airport,Cedar City Regional Airport,37.70100021,-113.098999,5622,NA,United States,US,Utah,US-UT,UT,Cedar City,1,KCDC,CDC,CDC,,https://en.wikipedia.org/wiki/Cedar_City_Regional_Airport,,750,2008-06-13T14:30:04+00:00
5348,PACV,medium_airport,Merle K (Mudhole) Smith Airport,60.491798,-145.477997,54,NA,United States,US,Alaska,US-AK,AK,Cordova,1,PACV,CDV,CDV,,https://en.wikipedia.org/wiki/Merle_K._(Mudhole)_Smith_Airport,Cordova Mile 13,750,2021-01-14T15:29:57+00:00
3448,KCHA,medium_airport,Chattanooga Metropolitan Airport (Lovell Field),35.035301,-85.203796,683,NA,United States,US,Tennessee,US-TN,TN,Chattanooga,1,KCHA,CHA,CHA,,https://en.wikipedia.org/wiki/Chattanooga_Metropolitan_Airport,,750,2021-11-20T15:27:32+00:00
3449,KCHO,medium_airport,Charlottesville Albemarle Airport,38.1385994,-78.45290375,639,NA,United States,US,Virginia,US-VA,VA,Charlottesville,1,KCHO,CHO,CHO,,https://en.wikipedia.org/wiki/Charlottesville-Albemarle_Airport,,750,2008-06-13T14:30:04+00:00
3450,KCHS,medium_airport,Charleston International Airport,32.898602,-80.040497,46,NA,United States,US,South Carolina,US-SC,SC,Charleston,1,KCHS,CHS,CHS,,https://en.wikipedia.org/wiki/Charleston_International_Airport,Charleston Air Force Base,750,2021-11-21T15:01:18+00:00
3451,KCID,medium_airport,The Eastern Iowa Airport,41.884701,-91.7108,869,NA,United States,US,Iowa,US-IA,IA,Cedar Rapids,1,KCID,CID,CID,,https://en.wikipedia.org/wiki/The_Eastern_Iowa_Airport,Cedar Rapids Municipal,750,2021-11-20T15:30:19+00:00
3452,KCIU,medium_airport,Chippewa County International Airport,46.25080109,-84.47239685,800,NA,United States,US,Michigan,US-MI,MI,Sault Ste Marie,1,KCIU,CIU,CIU,,https://en.wikipedia.org/wiki/Chippewa_County_International_Airport,,750,2008-06-13T14:30:04+00:00
3453,KCKB,medium_airport,North Central West Virginia Airport,39.2966,-80.228104,1217,NA,United States,US,West Virginia,US-WV,WV,Bridgeport,1,KCKB,CKB,CKB,,https://en.wikipedia.org/wiki/Harrison/Marion_Regional_Airport,,750,2022-11-02T11:51:30+00:00
3454,KCLE,large_airport,Cleveland Hopkins International Airport,41.4117012,-81.84980011,791,NA,United States,US,Ohio,US-OH,OH,Cleveland,1,KCLE,CLE,CLE,http://www.clevelandairport.com/,https://en.wikipedia.org/wiki/Cleveland_Hopkins_International_Airport,,1015875,2010-10-22T20:04:02+00:00
3455,KCLL,medium_airport,Easterwood Field,30.58860016,-96.36380005,320,NA,United States,US,Texas,US-TX,TX,College Station,1,KCLL,CLL,CLL,,https://en.wikipedia.org/wiki/Easterwood_Airport,,750,2010-01-23T11:27:48+00:00
3457,KCLT,large_airport,Charlotte Douglas International Airport,35.2140007,-80.94309998,748,NA,United States,US,North Carolina,US-NC,NC,Charlotte,1,KCLT,CLT,CLT,http://www.charlotteairport.com/,https://en.wikipedia.org/wiki/Charlotte/Douglas_International_Airport,,1028075,2009-01-30T14:52:52+00:00
3458,KCMH,large_airport,John Glenn Columbus International Airport,39.998001,-82.891899,815,NA,United States,US,Ohio,US-OH,OH,Columbus,1,KCMH,CMH,CMH,https://flycolumbus.com/,https://en.wikipedia.org/wiki/Port_Columbus_International_Airport,,1675,2018-04-19T16:19:05+00:00
3459,KCMI,medium_airport,University of Illinois Willard Airport,40.039819,-88.276249,755,NA,United States,US,Illinois,US-IL,IL,Savoy,1,KCMI,CMI,CMI,,https://en.wikipedia.org/wiki/University_of_Illinois_Willard_Airport,"Champaign, Urbana",750,2022-03-04T14:23:50+00:00
3460,KCMX,medium_airport,Houghton County Memorial Airport,47.16839981,-88.4890976,1095,NA,United States,US,Michigan,US-MI,MI,Hancock,1,KCMX,CMX,CMX,,https://en.wikipedia.org/wiki/Houghton_County_Memorial_Airport,,750,2008-06-13T14:30:04+00:00
19530,KCOD,medium_airport,Yellowstone Regional Airport,44.520199,-109.024002,5102,NA,United States,US,Wyoming,US-WY,WY,Cody,1,KCOD,COD,COD,http://www.flyyra.com/,https://en.wikipedia.org/wiki/Yellowstone_Regional_Airport,,500,2023-04-11T01:49:42+00:00
3463,KCOS,medium_airport,City of Colorado Springs Municipal Airport,38.805801,-104.700996,6187,NA,United States,US,Colorado,US-CO,CO,Colorado Springs,1,KCOS,COS,COS,https://flycos.coloradosprings.gov/,https://en.wikipedia.org/wiki/Colorado_Springs_Airport,,750,2021-11-22T14:14:00+00:00
3464,KCOU,medium_airport,Columbia Regional Airport,38.8181,-92.219597,889,NA,United States,US,Missouri,US-MO,MO,Columbia,1,KCOU,COU,COU,,https://en.wikipedia.org/wiki/Columbia_Regional_Airport,,750,2019-08-14T08:20:26+00:00
3465,KCPR,medium_airport,Casper-Natrona County International Airport,42.908001,-106.463997,5350,NA,United States,US,Wyoming,US-WY,WY,Casper,1,KCPR,CPR,CPR,,https://en.wikipedia.org/wiki/Natrona_County_International_Airport,,750,2018-12-27T21:30:47+00:00
3466,KCRP,medium_airport,Corpus Christi International Airport,27.770399,-97.501198,44,NA,United States,US,Texas,US-TX,TX,Corpus Christi,1,KCRP,CRP,CRP,,https://en.wikipedia.org/wiki/Corpus_Christi_International_Airport,,750,2021-11-20T15:35:15+00:00
3467,KCRW,medium_airport,Yeager Airport,38.3731,-81.593201,981,NA,United States,US,West Virginia,US-WV,WV,Charleston,1,KCRW,CRW,CRW,,https://en.wikipedia.org/wiki/Yeager_Airport,,750,2021-11-20T16:31:05+00:00
3468,KCSG,medium_airport,Columbus Metropolitan Airport,32.5163002,-84.93890381,397,NA,United States,US,Georgia,US-GA,GA,Columbus,1,KCSG,CSG,CSG,,https://en.wikipedia.org/wiki/Columbus_Metropolitan_Airport,,750,2008-06-13T14:30:04+00:00
3471,KCVG,large_airport,Cincinnati Northern Kentucky International Airport,39.048801,-84.667801,896,NA,United States,US,Kentucky,US-KY,KY,Cincinnati / Covington,1,KCVG,CVG,CVG,https://www.cvgairport.com/,https://en.wikipedia.org/wiki/Cincinnati/Northern_Kentucky_International_Airport,,1029475,2023-08-15T23:40:32+00:00
19571,KCWA,medium_airport,Central Wisconsin Airport,44.77759933,-89.66680145,1277,NA,United States,US,Wisconsin,US-WI,WI,Mosinee,0,KCWA,CWA,CWA,,,,250,2014-02-18T22:20:21+00:00
3478,KDAB,medium_airport,Daytona Beach International Airport,29.179899,-81.058098,34,NA,United States,US,Florida,US-FL,FL,Daytona Beach,1,KDAB,DAB,DAB,,https://en.wikipedia.org/wiki/Daytona_Beach_International_Airport,,750,2021-08-01T05:30:32+00:00
3479,KDAL,medium_airport,Dallas Love Field,32.847099,-96.851799,487,NA,United States,US,Texas,US-TX,TX,Dallas,1,KDAL,DAL,DAL,http://www.dallas-lovefield.com/,https://en.wikipedia.org/wiki/Dallas_Love_Field,QDF,750,2021-11-21T14:57:51+00:00
3481,KDAY,medium_airport,James M Cox Dayton International Airport,39.902401,-84.219398,1009,NA,United States,US,Ohio,US-OH,OH,Dayton,1,KDAY,DAY,DAY,,https://en.wikipedia.org/wiki/Dayton_International_Airport,,750,2021-11-20T16:28:58+00:00
3482,KDBQ,medium_airport,Dubuque Regional Airport,42.402,-90.709503,1077,NA,United States,US,Iowa,US-IA,IA,Dubuque,1,KDBQ,DBQ,DBQ,,https://en.wikipedia.org/wiki/Dubuque_Regional_Airport,,750,2022-03-04T14:31:05+00:00
3483,KDCA,large_airport,Ronald Reagan Washington National Airport,38.8521,-77.037697,15,NA,United States,US,District of Columbia,US-DC,DC,Washington,1,KDCA,DCA,DCA,http://www.flyreagan.com/dca/reagan-national-airport,https://en.wikipedia.org/wiki/Ronald_Reagan_Washington_National_Airport,WAS,1016175,2016-12-13T09:13:00+00:00
3486,KDEN,large_airport,Denver International Airport,39.86169815,-104.6729965,5431,NA,United States,US,Colorado,US-CO,CO,Denver,1,KDEN,DEN,DEN,http://www.flydenver.com/,https://en.wikipedia.org/wiki/Denver_International_Airport,"DVX, KVDX",1103275,2015-11-13T09:28:42+00:00
3488,KDFW,large_airport,Dallas Fort Worth International Airport,32.896801,-97.038002,607,NA,United States,US,Texas,US-TX,TX,Dallas-Fort Worth,1,KDFW,DFW,DFW,https://www.dfwairport.com/,https://en.wikipedia.org/wiki/Dallas/Fort_Worth_International_Airport,QDF,1203175,2018-09-19T14:53:02+00:00
3489,KDHN,medium_airport,Dothan Regional Airport,31.32130051,-85.44960022,401,NA,United States,US,Alabama,US-AL,AL,Dothan,1,KDHN,DHN,DHN,,https://en.wikipedia.org/wiki/Dothan_Regional_Airport,,750,2008-06-13T14:30:04+00:00
19630,KDIK,medium_airport,Dickinson Theodore Roosevelt Regional Airport,46.79740143,-102.802002,2592,NA,United States,US,North Dakota,US-ND,ND,Dickinson,0,KDIK,DIK,DIK,http://dickinsonairport.com/,https://en.wikipedia.org/wiki/Dickinson_Theodore_Roosevelt_Regional_Airport,,250,2012-07-19T21:06:58+00:00
5351,PADL,medium_airport,Dillingham Airport,59.04470062,-158.5050049,81,NA,United States,US,Alaska,US-AK,AK,Dillingham,1,PADL,DLG,DLG,,https://en.wikipedia.org/wiki/Dillingham_Airport,,750,2010-01-23T11:28:10+00:00
3491,KDLH,medium_airport,Duluth International Airport,46.842098,-92.193604,1428,NA,United States,US,Minnesota,US-MN,MN,Duluth,1,KDLH,DLH,DLH,http://www.duluthairport.com/,https://en.wikipedia.org/wiki/Duluth_International_Airport,"LKI, Duluth Air National Guard Base, Lakeside AFB",750,2022-01-28T17:34:15+00:00
19655,KDRT,medium_airport,Del Rio International Airport,29.37420082,-100.927002,1002,NA,United States,US,Texas,US-TX,TX,Del Rio,0,KDRT,DRT,DRT,http://www.cityofdelrio.com/index.aspx?NID=412,https://en.wikipedia.org/wiki/Del_Rio_International_Airport,,250,2012-08-16T18:51:32+00:00
3496,KDSM,medium_airport,Des Moines International Airport,41.534,-93.663101,958,NA,United States,US,Iowa,US-IA,IA,Des Moines,1,KDSM,DSM,DSM,,https://en.wikipedia.org/wiki/Des_Moines_International_Airport,,750,2021-08-08T06:02:23+00:00
3497,KDTW,large_airport,Detroit Metropolitan Wayne County Airport,42.21239853,-83.35340118,645,NA,United States,US,Michigan,US-MI,MI,Detroit,1,KDTW,DTW,DTW,http://www.metroairport.com/,https://en.wikipedia.org/wiki/Detroit_Metropolitan_Wayne_County_Airport,"DTT, Detroit Metro Airport",1079375,2008-06-13T14:30:04+00:00
5354,PADU,medium_airport,Tom Madsen (Dutch Harbor) Airport,53.89881,-166.544996,22,NA,United States,US,Alaska,US-AK,AK,Unalaska,1,PADU,DUT,DUT,,https://en.wikipedia.org/wiki/Unalaska_Airport,"Dutch Harbor, Unalaska",750,2021-03-25T10:55:20+00:00
19716,KEAR,medium_airport,Kearney Regional Airport,40.727001,-99.006798,2131,NA,United States,US,Nebraska,US-NE,NE,Kearney,1,KEAR,EAR,EAR,,https://en.wikipedia.org/wiki/Kearney_Municipal_Airport,,500,2021-11-20T15:58:34+00:00
19717,KEAT,medium_airport,Pangborn Memorial Airport,47.39889908,-120.2070007,1249,NA,United States,US,Washington,US-WA,WA,Wenatchee,0,KEAT,EAT,EAT,http://www.pangbornairport.com/,https://en.wikipedia.org/wiki/Pangborn_Memorial_Airport,,250,2014-02-18T22:28:01+00:00
3501,KEAU,medium_airport,Chippewa Valley Regional Airport,44.86579895,-91.48429871,913,NA,United States,US,Wisconsin,US-WI,WI,Eau Claire,1,KEAU,EAU,EAU,,https://en.wikipedia.org/wiki/Chippewa_Valley_Regional_Airport,,750,2008-06-13T14:30:04+00:00
46530,KECP,medium_airport,Northwest Florida Beaches International Airport,30.357106,-85.795414,69,NA,United States,US,Florida,US-FL,FL,Panama City Beach,1,KECP,ECP,ECP,http://iflybeaches.com,https://en.wikipedia.org/wiki/Northwest_Florida_Beaches_International_Airport,Northwest Florida Beaches International Airport,500,2022-03-14T11:31:42+00:00
3505,KEGE,medium_airport,Eagle County Regional Airport,39.64260101,-106.9179993,6548,NA,United States,US,Colorado,US-CO,CO,Eagle,1,KEGE,EGE,EGE,http://www.eaglecounty.us/airport/,https://en.wikipedia.org/wiki/Eagle_County_Regional_Airport,,750,2015-07-27T15:08:23+00:00
3508,KEKO,medium_airport,Elko Regional Airport,40.82490158,-115.7919998,5140,NA,United States,US,Nevada,US-NV,NV,Elko,1,KEKO,EKO,EKO,,https://en.wikipedia.org/wiki/Elko_Regional_Airport,,750,2008-06-13T14:30:04+00:00
3510,KELM,medium_airport,Elmira Corning Regional Airport,42.15990067,-76.89160156,954,NA,United States,US,New York,US-NY,NY,Elmira/Corning,1,KELM,ELM,ELM,,https://en.wikipedia.org/wiki/Elmira-Corning_Regional_Airport,,750,2008-06-13T14:30:04+00:00
3512,KELP,medium_airport,El Paso International Airport,31.80719948,-106.3779984,3959,NA,United States,US,Texas,US-TX,TX,El Paso,1,KELP,ELP,ELP,,https://en.wikipedia.org/wiki/El_Paso_International_Airport,,750,2010-01-23T11:27:50+00:00
5359,PAEN,medium_airport,Kenai Municipal Airport,60.57310104,-151.2449951,99,NA,United States,US,Alaska,US-AK,AK,Kenai,0,PAEN,ENA,ENA,,https://en.wikipedia.org/wiki/Kenai_Municipal_Airport,,275,2008-06-13T14:30:04+00:00
3515,KERI,medium_airport,Erie International Tom Ridge Field,42.083127,-80.173867,732,NA,United States,US,Pennsylvania,US-PA,PA,Erie,1,KERI,ERI,ERI,,https://en.wikipedia.org/wiki/Erie_International_Airport,,750,2021-11-20T15:48:44+00:00
3517,KEUG,medium_airport,Mahlon Sweet Field,44.12459946,-123.211998,374,NA,United States,US,Oregon,US-OR,OR,Eugene,1,KEUG,EUG,EUG,,https://en.wikipedia.org/wiki/Eugene_Airport,,750,2008-06-13T14:30:04+00:00
3518,KEVV,medium_airport,Evansville Regional Airport,38.03699875,-87.53240204,418,NA,United States,US,Indiana,US-IN,IN,Evansville,1,KEVV,EVV,EVV,,https://en.wikipedia.org/wiki/Evansville_Regional_Airport,,750,2010-09-24T10:24:09+00:00
3520,KEWN,medium_airport,Coastal Carolina Regional Airport,35.07300186,-77.04290009,18,NA,United States,US,North Carolina,US-NC,NC,New Bern,1,KEWN,EWN,EWN,,https://en.wikipedia.org/wiki/Craven_County_Regional_Airport,,750,2009-12-20T06:46:43+00:00
3521,KEWR,large_airport,Newark Liberty International Airport,40.692501,-74.168701,18,NA,United States,US,New Jersey,US-NJ,NJ,Newark,1,KEWR,EWR,EWR,http://www.panynj.gov/CommutingTravel/airports/html/newarkliberty.html,https://en.wikipedia.org/wiki/Newark_Liberty_International_Airport,"Manhattan, New York City, NYC",1064475,2022-09-17T20:28:21+00:00
3522,KEYW,medium_airport,Key West International Airport,24.556101,-81.759598,3,NA,United States,US,Florida,US-FL,FL,Key West,1,KEYW,EYW,EYW,,https://en.wikipedia.org/wiki/Key_West_International_Airport,,750,2021-07-31T17:28:00+00:00
5360,PAFA,large_airport,Fairbanks International Airport,64.81510162,-147.8560028,439,NA,United States,US,Alaska,US-AK,AK,Fairbanks,1,PAFA,FAI,FAI,,https://en.wikipedia.org/wiki/Fairbanks_International_Airport,,1000,2010-01-23T11:28:10+00:00
3523,KFAR,medium_airport,Hector International Airport,46.92070007,-96.81580353,902,NA,United States,US,North Dakota,US-ND,ND,Fargo,1,KFAR,FAR,FAR,http://www.fargoairport.com/,https://en.wikipedia.org/wiki/Hector_International_Airport,"119th Wing, Happy Hooligans",750,2008-06-13T14:30:04+00:00
3524,KFAT,medium_airport,Fresno Yosemite International Airport,36.776199,-119.718002,336,NA,United States,US,California,US-CA,CA,Fresno,1,KFAT,FAT,FAT,https://flyfresno.com/,https://en.wikipedia.org/wiki/Fresno_Yosemite_International_Airport,,750,2021-08-01T10:15:05+00:00
3525,KFAY,medium_airport,Fayetteville Regional Airport - Grannis Field,34.991199,-78.880302,189,NA,United States,US,North Carolina,US-NC,NC,Fayetteville,1,KFAY,FAY,FAY,,https://en.wikipedia.org/wiki/Fayetteville_Regional_Airport,,750,2021-02-26T17:02:58+00:00
3530,KFLG,medium_airport,Flagstaff Pulliam International Airport,35.1385,-111.670998,7014,NA,United States,US,Arizona,US-AZ,AZ,Flagstaff,1,KFLG,FLG,FLG,,https://en.wikipedia.org/wiki/Flagstaff_Pulliam_Airport,,750,2021-11-21T15:10:54+00:00
3531,KFLL,large_airport,Fort Lauderdale Hollywood International Airport,26.072599,-80.152702,9,NA,United States,US,Florida,US-FL,FL,Fort Lauderdale,1,KFLL,FLL,FLL,http://www.broward.org/airport,https://en.wikipedia.org/wiki/Fort_Lauderdale–Hollywood_International_Airport,"MFW, South Florida",1015275,2018-09-16T02:40:06+00:00
3532,KFLO,medium_airport,Florence Regional Airport,34.1853981,-79.72389984,146,NA,United States,US,South Carolina,US-SC,SC,Florence,1,KFLO,FLO,FLO,,https://en.wikipedia.org/wiki/Florence_Regional_Airport,,750,2008-06-13T14:30:04+00:00
3535,KFNT,medium_airport,Bishop International Airport,42.9654007,-83.74359894,782,NA,United States,US,Michigan,US-MI,MI,Flint,1,KFNT,FNT,FNT,,https://en.wikipedia.org/wiki/Bishop_International_Airport,,750,2008-06-13T14:30:04+00:00
3541,KFSD,medium_airport,Sioux Falls Regional Airport / Joe Foss Field,43.585463,-96.741152,1429,NA,United States,US,South Dakota,US-SD,SD,Sioux Falls,1,KFSD,FSD,FSD,http://www.sfairport.com/,https://en.wikipedia.org/wiki/Sioux_Falls_Regional_Airport,"Joe Foss Field, Fighting Lobos, Sioux Falls Army Air Base, 114th Fighter Wing, Sioux Falls Regional Airport",750,2021-03-03T12:12:22+00:00
3543,KFSM,medium_airport,Fort Smith Regional Airport,35.336601,-94.367401,469,NA,United States,US,Arkansas,US-AR,AR,Fort Smith,1,KFSM,FSM,FSM,,https://en.wikipedia.org/wiki/Fort_Smith_Regional_Airport,,750,2021-11-21T15:15:25+00:00
3547,KFWA,medium_airport,Fort Wayne International Airport,40.9785,-85.195099,814,NA,United States,US,Indiana,US-IN,IN,Fort Wayne,1,KFWA,FWA,FWA,https://fwairport.com/,https://en.wikipedia.org/wiki/Fort_Wayne_International_Airport,Baer Field,750,2021-11-20T15:31:59+00:00
19929,KGCC,medium_airport,Northeast Wyoming Regional Airport,44.3489,-105.539001,4365,NA,United States,US,Wyoming,US-WY,WY,Gillette,1,KGCC,GCC,GCC,http://www.iflygillette.com/,https://en.wikipedia.org/wiki/Gillette%E2%80%93Campbell_County_Airport,Gillette Campbell County Airport,500,2022-02-10T15:52:33+00:00
3550,KGCK,medium_airport,Garden City Regional Airport,37.92750168,-100.723999,2891,NA,United States,US,Kansas,US-KS,KS,Garden City,1,KGCK,GCK,GCK,,https://en.wikipedia.org/wiki/Garden_City_Regional_Airport,,750,2016-01-22T15:07:05+00:00
3552,KGEG,medium_airport,Spokane International Airport,47.6199,-117.533997,2376,NA,United States,US,Washington,US-WA,WA,Spokane,1,KGEG,GEG,GEG,,https://en.wikipedia.org/wiki/Spokane_International_Airport,,750,2021-11-21T15:03:15+00:00
3553,KGFK,medium_airport,Grand Forks International Airport,47.949299,-97.176102,845,NA,United States,US,North Dakota,US-ND,ND,Grand Forks,1,KGFK,GFK,GFK,http://www.gfkairport.com/,https://en.wikipedia.org/wiki/Grand_Forks_International_Airport,,750,2016-12-13T09:15:59+00:00
3555,KGGG,medium_airport,East Texas Regional Airport,32.38399887,-94.71150208,365,NA,United States,US,Texas,US-TX,TX,Longview,1,KGGG,GGG,GGG,,https://en.wikipedia.org/wiki/East_Texas_Regional_Airport,,750,2008-06-13T14:30:04+00:00
3557,KGJT,medium_airport,Grand Junction Regional Airport,39.126663,-108.529387,4858,NA,United States,US,Colorado,US-CO,CO,Grand Junction,1,KGJT,GJT,GJT,http://www.gjairport.com/,https://en.wikipedia.org/wiki/Grand_Junction_Regional_Airport,,750,2021-10-13T10:57:04+00:00
3559,KGNV,medium_airport,Gainesville Regional Airport,29.69009972,-82.27179718,152,NA,United States,US,Florida,US-FL,FL,Gainesville,1,KGNV,GNV,GNV,,https://en.wikipedia.org/wiki/Gainesville_Regional_Airport,,750,2013-05-15T09:57:56+00:00
3527,KGPI,medium_airport,Glacier Park International Airport,48.3105011,-114.2559967,2977,NA,United States,US,Montana,US-MT,MT,Kalispell,1,KGPI,FCA,GPI,http://www.iflyglacier.com/,https://en.wikipedia.org/wiki/Glacier_Park_International_Airport,Formerly KFCA,750,2009-01-11T20:53:20+00:00
3561,KGPT,medium_airport,Gulfport Biloxi International Airport,30.407301,-89.070099,28,NA,United States,US,Mississippi,US-MS,MS,Gulfport,1,KGPT,GPT,GPT,,https://en.wikipedia.org/wiki/Gulfport-Biloxi_International_Airport,,750,2021-11-20T15:05:23+00:00
3562,KGRB,medium_airport,Austin Straubel International Airport,44.483459,-88.130805,695,NA,United States,US,Wisconsin,US-WI,WI,Green Bay,1,KGRB,GRB,GRB,,https://en.wikipedia.org/wiki/Austin_Straubel_International_Airport,,750,2022-03-17T23:13:18+00:00
3564,KGRI,medium_airport,Central Nebraska Regional Airport,40.96749878,-98.30960083,1847,NA,United States,US,Nebraska,US-NE,NE,Grand Island,1,KGRI,GRI,GRI,,https://en.wikipedia.org/wiki/Central_Nebraska_Regional_Airport,,750,2008-06-13T14:30:04+00:00
3565,KGRK,medium_airport,Killeen-Fort Hood Regional Airport / Robert Gray Army Air Field,31.0672,-97.828903,1015,NA,United States,US,Texas,US-TX,TX,Killeen,1,KGRK,GRK,GRK,,https://en.wikipedia.org/wiki/Killeen-Fort_Hood_Regional_Airport,Robert Gray Army Air Field,750,2021-04-15T15:40:35+00:00
3566,KGRR,medium_airport,Gerald R. Ford International Airport,42.88079834,-85.52279663,794,NA,United States,US,Michigan,US-MI,MI,Grand Rapids,1,KGRR,GRR,GRR,,https://en.wikipedia.org/wiki/Gerald_R._Ford_International_Airport,,750,2010-01-23T11:27:52+00:00
3568,KGSO,medium_airport,Piedmont Triad International Airport,36.097801,-79.937302,925,NA,United States,US,North Carolina,US-NC,NC,Greensboro,1,KGSO,GSO,GSO,,https://en.wikipedia.org/wiki/Piedmont_Triad_International_Airport,,750,2021-11-20T16:25:34+00:00
3569,KGSP,medium_airport,Greenville Spartanburg International Airport,34.895699,-82.218903,964,NA,United States,US,South Carolina,US-SC,SC,Greer,1,KGSP,GSP,GSP,,https://en.wikipedia.org/wiki/Greenville-Spartanburg_International_Airport,,750,2021-11-20T16:24:51+00:00
5369,PAGS,medium_airport,Gustavus Airport,58.4253006,-135.7070007,35,NA,United States,US,Alaska,US-AK,AK,Gustavus,1,PAGS,GST,GST,,https://en.wikipedia.org/wiki/Gustavus_Airport,,750,2010-01-23T11:28:10+00:00
3571,KGTF,medium_airport,Great Falls International Airport,47.48199844,-111.3710022,3680,NA,United States,US,Montana,US-MT,MT,Great Falls,1,KGTF,GTF,GTF,,https://en.wikipedia.org/wiki/Great_Falls_International_Airport,,750,2010-01-23T11:27:52+00:00
19982,KGTR,medium_airport,Golden Triangle Regional Airport,33.45029831,-88.59140015,264,NA,United States,US,Mississippi,US-MS,MS,Columbus/W Point/Starkville,1,KGTR,GTR,GTR,,,,750,2013-01-12T15:38:23+00:00
3577,KHGR,medium_airport,Hagerstown Regional Richard A Henson Field,39.707901,-77.72949982,703,NA,United States,US,Maryland,US-MD,MD,Hagerstown,0,KHGR,HGR,HGR,,https://en.wikipedia.org/wiki/Hagerstown_Regional_Airport,,375,2010-01-23T11:27:52+00:00
3579,KHIB,medium_airport,Range Regional Airport,47.3866,-92.838997,1354,NA,United States,US,Minnesota,US-MN,MN,Hibbing,1,KHIB,HIB,HIB,,https://en.wikipedia.org/wiki/Range_Regional_Airport,Chisholm Hibbing Airport,750,2021-11-20T16:01:49+00:00
3582,KHLN,medium_airport,Helena Regional Airport,46.6068,-111.983002,3877,NA,United States,US,Montana,US-MT,MT,Helena,1,KHLN,HLN,HLN,,https://en.wikipedia.org/wiki/Helena_Regional_Airport,,750,2021-12-15T15:57:52+00:00
5453,PHNL,large_airport,Daniel K Inouye International Airport,21.32062,-157.924228,13,OC,United States,US,Hawaii,US-HI,HI,Honolulu,1,PHNL,HNL,HNL,http://airports.hawaii.gov/hnl/,https://en.wikipedia.org/wiki/Daniel_K._Inouye_International_Airport,"Hickam Air Force Base, HIK, PHIK, KHNL, Honolulu International",1029375,2022-03-08T15:59:42+00:00
20071,KHOB,medium_airport,Lea County Regional Airport,32.6875,-103.217003,3661,NA,United States,US,New Mexico,US-NM,NM,Hobbs,1,KHOB,HOB,HOB,,https://en.wikipedia.org/wiki/Lea_County_Regional_Airport,,500,2023-04-11T02:05:08+00:00
5373,PAHO,medium_airport,Homer Airport,59.64559937,-151.477005,84,NA,United States,US,Alaska,US-AK,AK,Homer,0,PAHO,HOM,HOM,,https://en.wikipedia.org/wiki/Homer_Airport,,275,2008-06-13T14:30:04+00:00
3588,KHOU,medium_airport,William P Hobby Airport,29.645399,-95.2789,46,NA,United States,US,Texas,US-TX,TX,Houston,1,KHOU,HOU,HOU,http://www.fly2houston.com/hobbyHome,https://en.wikipedia.org/wiki/William_P._Hobby_Airport,QHO,750,2021-11-21T14:56:51+00:00
3589,KHPN,medium_airport,Westchester County Airport,41.06700134,-73.70760345,439,NA,United States,US,New York,US-NY,NY,White Plains,1,KHPN,HPN,HPN,,https://en.wikipedia.org/wiki/Westchester_County_Airport,"Manhattan, New York City, NYC",750,2008-06-13T14:30:04+00:00
3591,KHRL,medium_airport,Valley International Airport,26.22850037,-97.65440369,36,NA,United States,US,Texas,US-TX,TX,Harlingen,1,KHRL,HRL,HRL,,https://en.wikipedia.org/wiki/Valley_International_Airport,,750,2008-06-13T14:30:04+00:00
3594,KHSV,medium_airport,Huntsville International Carl T Jones Field,34.637199,-86.775101,629,NA,United States,US,Alabama,US-AL,AL,Huntsville,1,KHSV,HSV,HSV,http://www.flyhuntsville.com/portal/#.VbaG-_lVhBc,https://en.wikipedia.org/wiki/Huntsville_International_Airport,,750,2021-11-21T15:08:07+00:00
3595,KHTS,medium_airport,Tri-State Airport / Milton J. Ferguson Field,38.366699,-82.557999,828,NA,United States,US,West Virginia,US-WV,WV,Huntington,1,KHTS,HTS,HTS,,https://en.wikipedia.org/wiki/Tri-State_Airport,,750,2022-12-28T09:36:47+00:00
3599,KHVN,medium_airport,Tweed New Haven Airport,41.26369858,-72.88680267,12,NA,United States,US,Connecticut,US-CT,CT,New Haven,1,KHVN,HVN,HVN,,https://en.wikipedia.org/wiki/Tweed_New_Haven_Regional_Airport,,750,2010-01-23T11:27:52+00:00
3600,KHYA,medium_airport,Cape Cod Gateway Airport,41.6693,-70.280403,54,NA,United States,US,Massachusetts,US-MA,MA,Hyannis,1,KHYA,HYA,HYA,,https://en.wikipedia.org/wiki/Barnstable_Municipal_Airport,"Barnstable, Boardman Polando",750,2023-07-05T02:59:20+00:00
20109,KHYS,medium_airport,Hays Regional Airport,38.84220123,-99.27320099,1999,NA,United States,US,Kansas,US-KS,KS,Hays,0,KHYS,HYS,HYS,,https://en.wikipedia.org/wiki/Hays_Regional_Airport,,250,2013-01-12T16:57:47+00:00
3602,KIAD,large_airport,Washington Dulles International Airport,38.9445,-77.455803,312,NA,United States,US,Virginia,US-VA,VA,Dulles,1,KIAD,IAD,IAD,http://www.mwaa.com/dulles/,https://en.wikipedia.org/wiki/Washington_Dulles_International_Airport,WAS,1023875,2022-11-02T15:47:54+00:00
3603,KIAG,medium_airport,Niagara Falls International Airport,43.1073,-78.946198,589,NA,United States,US,New York,US-NY,NY,Niagara Falls,1,KIAG,IAG,IAG,,https://en.wikipedia.org/wiki/Niagara_Falls_International_Airport,,500,2021-05-29T06:35:00+00:00
3604,KIAH,large_airport,George Bush Intercontinental Houston Airport,29.9843998,-95.34140015,97,NA,United States,US,Texas,US-TX,TX,Houston,1,KIAH,IAH,IAH,http://www.fly2houston.com/iah,https://en.wikipedia.org/wiki/George_Bush_Intercontinental_Airport,QHO,1055675,2008-06-13T14:30:04+00:00
3605,KICT,medium_airport,Wichita Eisenhower National Airport,37.649899,-97.433098,1333,NA,United States,US,Kansas,US-KS,KS,Wichita,1,KICT,ICT,ICT,,https://en.wikipedia.org/wiki/Wichita_Dwight_D._Eisenhower_National_Airport,,750,2021-07-31T17:52:14+00:00
3606,KIDA,medium_airport,Idaho Falls Regional Airport,43.514599,-112.070999,4744,NA,United States,US,Idaho,US-ID,ID,Idaho Falls,1,KIDA,IDA,IDA,,https://en.wikipedia.org/wiki/Idaho_Falls_Regional_Airport,Fanning Field,750,2017-08-04T10:23:34+00:00
3608,KILG,medium_airport,New Castle Airport,39.67869949,-75.60649872,80,NA,United States,US,Delaware,US-DE,DE,Wilmington,1,KILG,ILG,ILG,,https://en.wikipedia.org/wiki/New_Castle_Airport,,750,2010-01-23T11:27:54+00:00
3609,KILM,medium_airport,Wilmington International Airport,34.27059937,-77.90260315,32,NA,United States,US,North Carolina,US-NC,NC,Wilmington,1,KILM,ILM,ILM,,https://en.wikipedia.org/wiki/Wilmington_International_Airport,,750,2008-06-13T14:30:04+00:00
3610,KIND,large_airport,Indianapolis International Airport,39.7173,-86.294403,797,NA,United States,US,Indiana,US-IN,IN,Indianapolis,1,KIND,IND,IND,http://www.indianapolisairport.com/,https://en.wikipedia.org/wiki/Indianapolis_International_Airport,,52075,2016-07-08T18:41:42+00:00
3616,KISP,medium_airport,Long Island Mac Arthur Airport,40.79520035,-73.10019684,99,NA,United States,US,New York,US-NY,NY,Islip,1,KISP,ISP,ISP,,https://en.wikipedia.org/wiki/Long_Island_MacArthur_Airport,,750,2010-01-23T11:27:54+00:00
20193,KITH,medium_airport,Ithaca Tompkins Regional Airport,42.49100113,-76.45839691,1099,NA,United States,US,New York,US-NY,NY,Ithaca,1,KITH,ITH,ITH,,https://en.wikipedia.org/wiki/Ithaca_Tompkins_Regional_Airport,,500,2009-06-26T08:34:12+00:00
5457,PHTO,medium_airport,Hilo International Airport,19.721399,-155.048004,38,OC,United States,US,Hawaii,US-HI,HI,Hilo,1,PHTO,ITO,ITO,,https://en.wikipedia.org/wiki/Hilo_International_Airport,,750,2022-03-08T16:02:24+00:00
3617,KIWA,medium_airport,Phoenix–Mesa Gateway Airport,33.3078,-111.654999,1382,NA,United States,US,Arizona,US-AZ,AZ,Mesa,1,KIWA,AZA,IWA,http://www.flywga.org/,https://en.wikipedia.org/wiki/Phoenix%E2%80%93Mesa_Gateway_Airport,"Williams Air Force Base, Williams Gateway Airport",500,2021-10-18T15:31:30+00:00
3618,KJAC,medium_airport,Jackson Hole Airport,43.6072998,-110.737999,6451,NA,United States,US,Wyoming,US-WY,WY,Jackson,1,KJAC,JAC,JAC,,https://en.wikipedia.org/wiki/Jackson_Hole_Airport,,750,2008-06-13T14:30:04+00:00
3619,KJAN,medium_airport,Jackson-Medgar Wiley Evers International Airport,32.311199,-90.075897,346,NA,United States,US,Mississippi,US-MS,MS,Jackson,1,KJAN,JAN,JAN,,https://en.wikipedia.org/wiki/Jackson-Evers_International_Airport,,750,2021-11-20T15:34:45+00:00
3620,KJAX,large_airport,Jacksonville International Airport,30.49410057,-81.68789673,30,NA,United States,US,Florida,US-FL,FL,Jacksonville,1,KJAX,JAX,JAX,,https://en.wikipedia.org/wiki/Jacksonville_International_Airport,,1475,2008-06-13T14:30:04+00:00
3622,KJFK,large_airport,John F Kennedy International Airport,40.639447,-73.779317,13,NA,United States,US,New York,US-NY,NY,New York,1,KJFK,JFK,JFK,https://www.jfkairport.com/,https://en.wikipedia.org/wiki/John_F._Kennedy_International_Airport,"Manhattan, New York City, NYC, Idlewild, IDL, KIDL",1052075,2022-10-18T18:49:55+00:00
3623,KJLN,medium_airport,Joplin Regional Airport,37.151798,-94.498299,981,NA,United States,US,Missouri,US-MO,MO,Joplin,1,KJLN,JLN,JLN,,https://en.wikipedia.org/wiki/Joplin_Regional_Airport,,750,2021-11-20T15:55:45+00:00
3624,KJMS,medium_airport,Jamestown Regional Airport,46.92969894,-98.67819977,1500,NA,United States,US,North Dakota,US-ND,ND,Jamestown,1,KJMS,JMS,JMS,,https://en.wikipedia.org/wiki/Jamestown_Regional_Airport,,750,2010-01-23T11:27:54+00:00
5379,PAJN,medium_airport,Juneau International Airport,58.35499954,-134.576004,21,NA,United States,US,Alaska,US-AK,AK,Juneau,1,PAJN,JNU,JNU,,https://en.wikipedia.org/wiki/Juneau_International_Airport,,750,2008-06-13T14:30:04+00:00
20220,KJQF,medium_airport,Concord-Padgett Regional Airport,35.387798,-80.709099,705,NA,United States,US,North Carolina,US-NC,NC,Concord,1,KJQF,USA,JQF,http://www.concordnc.gov/Departments/Concord-Regional-Airport,https://en.wikipedia.org/wiki/Concord_Regional_Airport,"3N8, ""NASCAR's Airport""",500,2021-05-29T06:48:42+00:00
5448,PHKO,medium_airport,Ellison Onizuka Kona International Airport at Keahole,19.738783,-156.045603,47,OC,United States,US,Hawaii,US-HI,HI,Kailua-Kona,1,PHKO,KOA,KOA,,https://en.wikipedia.org/wiki/Kona_International_Airport,,750,2022-03-08T16:02:00+00:00
5382,PAKT,medium_airport,Ketchikan International Airport,55.35559845,-131.7140045,89,NA,United States,US,Alaska,US-AK,AK,Ketchikan,1,PAKT,KTN,KTN,,https://en.wikipedia.org/wiki/Ketchikan_International_Airport,,750,2010-01-23T11:28:11+00:00
3629,KLAN,medium_airport,Capital City Airport,42.77870178,-84.58740234,861,NA,United States,US,Michigan,US-MI,MI,Lansing,1,KLAN,LAN,LAN,,https://en.wikipedia.org/wiki/Lansing_Capital_City_Airport,,750,2008-06-13T14:30:04+00:00
3630,KLAR,medium_airport,Laramie Regional Airport,41.31209946,-105.6750031,7284,NA,United States,US,Wyoming,US-WY,WY,Laramie,1,KLAR,LAR,LAR,,https://en.wikipedia.org/wiki/Laramie_Regional_Airport,,750,2008-06-13T14:30:04+00:00
3631,KLAS,large_airport,Harry Reid International Airport,36.083361,-115.151817,2181,NA,United States,US,Nevada,US-NV,NV,Las Vegas,1,KLAS,LAS,LAS,https://www.harryreidairport.com/,https://en.wikipedia.org/wiki/Harry_Reid_International_Airport,McCarran International Airport,1068475,2022-10-18T19:05:10+00:00
20319,KLAW,medium_airport,Lawton Fort Sill Regional Airport,34.56769943,-98.41660309,1110,NA,United States,US,Oklahoma,US-OK,OK,Lawton,0,KLAW,LAW,LAW,,https://en.wikipedia.org/wiki/Lawton-Fort_Sill_Regional_Airport,,250,2014-02-18T22:56:57+00:00
3632,KLAX,large_airport,Los Angeles / Tom Bradley International Airport,33.942501,-118.407997,125,NA,United States,US,California,US-CA,CA,Los Angeles,1,KLAX,LAX,LAX,https://www.flylax.com/,https://en.wikipedia.org/wiki/Los_Angeles_International_Airport,,1335475,2023-05-20T21:11:41+00:00
3633,KLBB,medium_airport,Lubbock Preston Smith International Airport,33.663601,-101.822998,3282,NA,United States,US,Texas,US-TX,TX,Lubbock,1,KLBB,LBB,LBB,http://www.flylia.com/,https://en.wikipedia.org/wiki/Lubbock_Preston_Smith_International_Airport,,750,2021-11-20T15:26:01+00:00
3634,KLBE,medium_airport,Arnold Palmer Regional Airport,40.275902,-79.4048,1199,NA,United States,US,Pennsylvania,US-PA,PA,Latrobe,1,KLBE,LBE,LBE,,https://en.wikipedia.org/wiki/Arnold_Palmer_Regional_Airport,,750,2022-01-19T07:57:00+00:00
3635,KLBF,medium_airport,North Platte Regional Airport Lee Bird Field,41.12620163,-100.6839981,2777,NA,United States,US,Nebraska,US-NE,NE,North Platte,1,KLBF,LBF,LBF,,https://en.wikipedia.org/wiki/North_Platte_Regional_Airport,,750,2010-01-23T11:27:55+00:00
3637,KLCH,medium_airport,Lake Charles Regional Airport,30.12610054,-93.22329712,15,NA,United States,US,Louisiana,US-LA,LA,Lake Charles,1,KLCH,LCH,LCH,,https://en.wikipedia.org/wiki/Lake_Charles_Regional_Airport,,750,2008-06-13T14:30:04+00:00
3638,KLCK,medium_airport,Rickenbacker International Airport,39.813801,-82.927803,744,NA,United States,US,Ohio,US-OH,OH,Columbus,1,KLCK,LCK,LCK,http://rickenbackerinlandport.com/en/rickenbacker-international-airport/,https://en.wikipedia.org/wiki/Rickenbacker_International_Airport,Lockbourne Army Air Field,750,2021-08-08T06:03:39+00:00
3640,KLEX,medium_airport,Blue Grass Airport,38.036499,-84.605904,979,NA,United States,US,Kentucky,US-KY,KY,Lexington,1,KLEX,LEX,LEX,http://www.bluegrassairport.com/,https://en.wikipedia.org/wiki/Blue_Grass_Airport,,750,2021-11-20T15:25:26+00:00
3642,KLFT,medium_airport,Lafayette Regional Airport,30.205299,-91.987602,42,NA,United States,US,Louisiana,US-LA,LA,Lafayette,1,KLFT,LFT,LFT,http://www.lftairport.com/Home,https://en.wikipedia.org/wiki/Lafayette_Regional_Airport,,750,2021-11-20T15:05:56+00:00
3643,KLGA,large_airport,La Guardia Airport,40.777199,-73.872597,21,NA,United States,US,New York,US-NY,NY,New York,1,KLGA,LGA,LGA,https://www.laguardiaairport.com/,https://en.wikipedia.org/wiki/LaGuardia_Airport,"Manhattan, New York City, NYC, Glenn H. Curtiss Airport, North Beach Airport, La Guardia",1030575,2021-05-11T07:00:19+00:00
3644,KLGB,medium_airport,Long Beach Airport (Daugherty Field),33.816523,-118.149891,60,NA,United States,US,California,US-CA,CA,Long Beach,1,KLGB,LGB,LGB,http://www.lgb.org/,https://en.wikipedia.org/wiki/Long_Beach_Airport,Daugherty Field,750,2022-10-18T11:17:08+00:00
5449,PHLI,medium_airport,Lihue Airport,21.976,-159.339005,153,OC,United States,US,Hawaii,US-HI,HI,Lihue,1,PHLI,LIH,LIH,,https://en.wikipedia.org/wiki/Lihu'e_Airport,,750,2022-03-08T16:02:06+00:00
3645,KLIT,medium_airport,Bill & Hillary Clinton National Airport/Adams Field,34.729582,-92.223728,262,NA,United States,US,Arkansas,US-AR,AR,Little Rock,1,KLIT,LIT,LIT,,https://en.wikipedia.org/wiki/Little_Rock_National_Airport,,750,2021-11-20T16:32:41+00:00
3647,KLNK,medium_airport,Lincoln Airport,40.85100174,-96.75920105,1219,NA,United States,US,Nebraska,US-NE,NE,Lincoln,1,KLNK,LNK,LNK,http://www.lincolnairport.com/,https://en.wikipedia.org/wiki/Lincoln_Airport_%28Nebraska%29,"Lincoln Army Air Field, Lincoln Air Force Base, 155th Air Refueling Wing",750,2008-06-13T14:30:04+00:00
5454,PHNY,medium_airport,Lanai Airport,20.785675,-156.951324,1308,OC,United States,US,Hawaii,US-HI,HI,Lanai City,1,PHNY,LNY,LNY,,https://en.wikipedia.org/wiki/Lanai_Airport,,750,2022-03-08T16:02:58+00:00
3651,KLRD,medium_airport,Laredo International Airport,27.54380035,-99.46160126,508,NA,United States,US,Texas,US-TX,TX,Laredo,1,KLRD,LRD,LRD,,https://en.wikipedia.org/wiki/Laredo_International_Airport,,750,2008-06-13T14:30:04+00:00
3654,KLSE,medium_airport,La Crosse Regional Airport,43.879002,-91.256699,655,NA,United States,US,Wisconsin,US-WI,WI,La Crosse,1,KLSE,LSE,LSE,http://www.lseairport.com/,https://en.wikipedia.org/wiki/La_Crosse_Municipal_Airport,"airport, regional",750,2022-02-11T17:33:48+00:00
20390,KLWB,medium_airport,Greenbrier Valley Airport,37.85829926,-80.39949799,2302,NA,United States,US,West Virginia,US-WV,WV,Lewisburg,0,KLWB,LWB,LWB,,https://en.wikipedia.org/wiki/Greenbrier_Valley_Airport,,250,2013-01-12T15:44:14+00:00
20393,KLWS,medium_airport,Lewiston Nez Perce County Airport,46.37450027,-117.0149994,1442,NA,United States,US,Idaho,US-ID,ID,Lewiston,1,KLWS,LWS,LWS,,https://en.wikipedia.org/wiki/Lewiston-Nez_Perce_County_Airport,,500,2009-06-26T08:35:55+00:00
3662,KLYH,medium_airport,Lynchburg Regional Airport - Preston Glenn Field,37.326698,-79.200401,938,NA,United States,US,Virginia,US-VA,VA,Lynchburg,1,KLYH,LYH,LYH,,https://en.wikipedia.org/wiki/Lynchburg_Regional_Airport,,750,2022-06-15T08:15:15+00:00
3663,KMAF,medium_airport,Midland International Air and Space Port,31.942499,-102.202003,2871,NA,United States,US,Texas,US-TX,TX,Midland,1,KMAF,MAF,MAF,,https://en.wikipedia.org/wiki/Midland_International_Airport,,750,2022-10-23T15:13:52+00:00
3664,KMBS,medium_airport,MBS International Airport,43.532902,-84.079597,668,NA,United States,US,Michigan,US-MI,MI,Saginaw,1,KMBS,MBS,MBS,http://www.mbsairport.org/,https://en.wikipedia.org/wiki/MBS_International_Airport,"Tri City Airport, Midland, Bay City",750,2021-11-20T15:51:33+00:00
3668,KMCI,large_airport,Kansas City International Airport,39.2976,-94.713898,1026,NA,United States,US,Missouri,US-MO,MO,Kansas City,1,KMCI,MCI,MCI,http://www.flykci.com/,https://en.wikipedia.org/wiki/Kansas_City_International_Airport,,1015075,2016-05-31T09:33:29+00:00
3669,KMCN,medium_airport,Middle Georgia Regional Airport,32.69279861,-83.64920044,354,NA,United States,US,Georgia,US-GA,GA,Macon,1,KMCN,MCN,MCN,,https://en.wikipedia.org/wiki/Middle_Georgia_Regional_Airport,,750,2008-06-13T14:30:04+00:00
3670,KMCO,large_airport,Orlando International Airport,28.42939949,-81.30899811,96,NA,United States,US,Florida,US-FL,FL,Orlando,1,KMCO,MCO,MCO,http://www.orlandoairports.net/,https://en.wikipedia.org/wiki/Orlando_International_Airport,"Disney World,Epcot Center",1044075,2008-06-13T14:30:04+00:00
3672,KMDT,medium_airport,Harrisburg International Airport,40.193501,-76.763397,310,NA,United States,US,Pennsylvania,US-PA,PA,Harrisburg,1,KMDT,MDT,MDT,http://www.flyhia.com/,https://en.wikipedia.org/wiki/Harrisburg_International_Airport,"Harrisburg, Lancaster, York, HIA, Middletown",750,2022-11-28T10:27:39+00:00
3673,KMDW,large_airport,Chicago Midway International Airport,41.785999,-87.752403,620,NA,United States,US,Illinois,US-IL,IL,Chicago,1,KMDW,MDW,MDW,https://www.flychicago.com/midway/home/pages/default.aspx,https://en.wikipedia.org/wiki/Midway_International_Airport,CHI,1015475,2022-10-23T16:27:10+00:00
3674,KMEI,medium_airport,Key Field / Meridian Regional Airport,32.3326,-88.7519,297,NA,United States,US,Mississippi,US-MS,MS,Meridian,1,KMEI,MEI,MEI,,https://en.wikipedia.org/wiki/Meridian_Regional_Airport,,750,2021-02-26T15:32:30+00:00
3675,KMEM,large_airport,Memphis International Airport,35.04240036,-89.97669983,341,NA,United States,US,Tennessee,US-TN,TN,Memphis,1,KMEM,MEM,MEM,,https://en.wikipedia.org/wiki/Memphis_International_Airport,,1014475,2008-06-13T14:30:04+00:00
3678,KMFE,medium_airport,McAllen Miller International Airport,26.176141,-98.237965,107,NA,United States,US,Texas,US-TX,TX,McAllen,1,KMFE,MFE,MFE,,https://en.wikipedia.org/wiki/McAllen-Miller_International_Airport,,750,2021-07-30T14:52:03+00:00
3679,KMFR,medium_airport,Rogue Valley International Medford Airport,42.37419891,-122.8730011,1335,NA,United States,US,Oregon,US-OR,OR,Medford,1,KMFR,MFR,MFR,,https://en.wikipedia.org/wiki/Rogue_Valley_International-Medford_Airport,,750,2008-06-13T14:30:04+00:00
3681,KMGM,medium_airport,Montgomery Regional (Dannelly Field) Airport,32.300598,-86.393997,221,NA,United States,US,Alabama,US-AL,AL,Montgomery,1,KMGM,MGM,MGM,http://www.flymgm.com/,https://en.wikipedia.org/wiki/Montgomery_Regional_Airport,,750,2022-10-13T12:15:15+00:00
3683,KMHK,medium_airport,Manhattan Regional Airport,39.14099884,-96.67079926,1057,NA,United States,US,Kansas,US-KS,KS,Manhattan,1,KMHK,MHK,MHK,,https://en.wikipedia.org/wiki/Manhattan_Regional_Airport,,750,2008-06-13T14:30:04+00:00
3684,KMHT,medium_airport,Manchester-Boston Regional Airport,42.932598,-71.435699,266,NA,United States,US,New Hampshire,US-NH,NH,Manchester,1,KMHT,MHT,MHT,,https://en.wikipedia.org/wiki/Manchester-Boston_Regional_Airport,,599,2021-08-01T05:28:18+00:00
3685,KMIA,large_airport,Miami International Airport,25.79319954,-80.29060364,8,NA,United States,US,Florida,US-FL,FL,Miami,1,KMIA,MIA,MIA,http://www.miami-airport.com/,https://en.wikipedia.org/wiki/Miami_International_Airport,"MFW, South Florida",1073075,2008-06-13T14:30:04+00:00
3690,KMKE,large_airport,General Mitchell International Airport,42.94720078,-87.89659882,723,NA,United States,US,Wisconsin,US-WI,WI,Milwaukee,1,KMKE,MKE,MKE,,https://en.wikipedia.org/wiki/General_Mitchell_International_Airport,,1575,2008-06-13T14:30:04+00:00
3691,KMKG,medium_airport,Muskegon County Airport,43.169498,-86.238197,629,NA,United States,US,Michigan,US-MI,MI,Muskegon,1,KMKG,MKG,MKG,,https://en.wikipedia.org/wiki/Muskegon_County_Airport,,500,2019-09-30T16:12:15+00:00
5450,PHMK,medium_airport,Molokai Airport,21.152901,-157.095993,454,OC,United States,US,Hawaii,US-HI,HI,Kaunakakai,1,PHMK,MKK,MKK,,https://en.wikipedia.org/wiki/Molokai_Airport,,750,2022-03-08T16:02:37+00:00
3693,KMLB,medium_airport,Melbourne Orlando International Airport,28.1028,-80.645302,33,NA,United States,US,Florida,US-FL,FL,Melbourne,1,KMLB,MLB,MLB,https://www.mlbair.com/,https://en.wikipedia.org/wiki/Melbourne_International_Airport,,750,2021-10-07T06:37:28+00:00
3695,KMLI,medium_airport,Quad City International Airport,41.448502,-90.5075,590,NA,United States,US,Illinois,US-IL,IL,Moline,1,KMLI,MLI,MLI,,https://en.wikipedia.org/wiki/Quad_City_International_Airport,,750,2021-11-20T15:39:23+00:00
3697,KMLU,medium_airport,Monroe Regional Airport,32.510899,-92.037697,79,NA,United States,US,Louisiana,US-LA,LA,Monroe,1,KMLU,MLU,MLU,,https://en.wikipedia.org/wiki/Monroe_Regional_Airport,,750,2022-03-17T18:25:42+00:00
3700,KMOB,medium_airport,Mobile Regional Airport,30.6912,-88.242798,219,NA,United States,US,Alabama,US-AL,AL,Mobile,1,KMOB,MOB,MOB,http://www.mobairport.com/,https://en.wikipedia.org/wiki/Mobile_Regional_Airport,,750,2021-11-20T15:04:45+00:00
3702,KMOT,medium_airport,Minot International Airport,48.25939941,-101.2799988,1716,NA,United States,US,North Dakota,US-ND,ND,Minot,1,KMOT,MOT,MOT,,https://en.wikipedia.org/wiki/Minot_International_Airport,,750,2008-06-13T14:30:04+00:00
5386,PAMR,medium_airport,Merrill Field,61.21350098,-149.8439941,137,NA,United States,US,Alaska,US-AK,AK,Anchorage,0,PAMR,MRI,MRI,,https://en.wikipedia.org/wiki/Merrill_Field,,250,2008-06-13T14:30:04+00:00
3705,KMRY,medium_airport,Monterey Peninsula Airport,36.5870018,-121.8430023,257,NA,United States,US,California,US-CA,CA,Monterey,1,KMRY,MRY,MRY,,https://en.wikipedia.org/wiki/Monterey_Peninsula_Airport,,750,2008-06-13T14:30:04+00:00
3707,KMSN,medium_airport,Dane County Regional Truax Field,43.1399,-89.337502,887,NA,United States,US,Wisconsin,US-WI,WI,Madison,1,KMSN,MSN,MSN,,https://en.wikipedia.org/wiki/Dane_County_Regional_Airport,,750,2022-03-04T14:34:33+00:00
3708,KMSO,medium_airport,Missoula International Airport,46.91630173,-114.0910034,3206,NA,United States,US,Montana,US-MT,MT,Missoula,1,KMSO,MSO,MSO,,https://en.wikipedia.org/wiki/Missoula_International_Airport,,750,2010-01-23T11:28:00+00:00
3709,KMSP,large_airport,Minneapolis–Saint Paul International Airport / Wold–Chamberlain Field,44.882,-93.221802,841,NA,United States,US,Minnesota,US-MN,MN,Minneapolis,1,KMSP,MSP,MSP,http://www.mspairport.com/,https://en.wikipedia.org/wiki/Minneapolis–Saint_Paul_International_Airport,,1085275,2021-03-12T10:39:13+00:00
3711,KMSY,large_airport,Louis Armstrong New Orleans International Airport,29.99340057,-90.25800323,4,NA,United States,US,Louisiana,US-LA,LA,New Orleans,1,KMSY,MSY,MSY,,https://en.wikipedia.org/wiki/Louis_Armstrong_New_Orleans_International_Airport,,1012575,2008-06-13T14:30:04+00:00
20565,KMTJ,medium_airport,Montrose Regional Airport,38.5098,-107.893997,5759,NA,United States,US,Colorado,US-CO,CO,Montrose,1,KMTJ,MTJ,MTJ,https://montroseairport.com/,https://en.wikipedia.org/wiki/Montrose_Regional_Airport,,500,2023-04-11T11:43:33+00:00
3717,KMYR,medium_airport,Myrtle Beach International Airport,33.67969894,-78.92829895,25,NA,United States,US,South Carolina,US-SC,SC,Myrtle Beach,1,KMYR,MYR,MYR,,https://en.wikipedia.org/wiki/Myrtle_Beach_International_Airport,,750,2014-06-03T10:17:32+00:00
3961,KNYL,medium_airport,Yuma International Airport / Marine Corps Air Station Yuma,32.656601,-114.606003,213,NA,United States,US,Arizona,US-AZ,AZ,Yuma,1,KNYL,YUM,NYL,,https://en.wikipedia.org/wiki/Yuma_International_Airport,"Yuma MCAS, Yuma Marine Corps Air Station, Formerly KYUM",750,2021-11-20T15:36:11+00:00
20709,KOAJ,medium_airport,Albert J Ellis Airport,34.829201,-77.612099,94,NA,United States,US,North Carolina,US-NC,NC,Richlands,1,KOAJ,OAJ,OAJ,https://flyoaj.com/,https://en.wikipedia.org/wiki/Albert_J._Ellis_Airport,,500,2022-11-09T07:50:38+00:00
3744,KOAK,large_airport,Metropolitan Oakland International Airport,37.721298,-122.221001,9,NA,United States,US,California,US-CA,CA,Oakland,1,KOAK,OAK,OAK,http://www.oaklandairport.com/,https://en.wikipedia.org/wiki/Oakland_International_Airport,"QSF, QBA",1012475,2017-05-27T22:59:41+00:00
3746,KOGD,medium_airport,Ogden Hinckley Airport,41.19589996,-112.012001,4473,NA,United States,US,Utah,US-UT,UT,Ogden,1,KOGD,OGD,OGD,http://flyogden.com/,https://en.wikipedia.org/wiki/Ogden-Hinckley_Airport,,500,2015-09-10T21:38:51+00:00
5455,PHOG,medium_airport,Kahului International Airport,20.898543,-156.431212,54,NA,United States,US,Hawaii,US-HI,HI,Kahului,1,PHOG,OGG,OGG,,https://en.wikipedia.org/wiki/Kahului_Airport,,750,2023-05-11T14:56:19+00:00
20727,KOGS,medium_airport,Ogdensburg International Airport,44.6819,-75.4655,297,NA,United States,US,New York,US-NY,NY,Ogdensburg,1,KOGS,OGS,OGS,https://ogsair.com/,https://en.wikipedia.org/wiki/Ogdensburg_International_Airport,,500,2023-05-12T17:54:02+00:00
3747,KOKC,medium_airport,Will Rogers World Airport,35.393101,-97.6007,1295,NA,United States,US,Oklahoma,US-OK,OK,Oklahoma City,1,KOKC,OKC,OKC,,https://en.wikipedia.org/wiki/Will_Rogers_World_Airport,,750,2021-11-21T14:55:53+00:00
3751,KOMA,large_airport,Eppley Airfield,41.3032,-95.894096,984,NA,United States,US,Nebraska,US-NE,NE,Omaha,1,KOMA,OMA,OMA,,https://en.wikipedia.org/wiki/Eppley_Airfield,,1000,2023-04-30T11:13:46+00:00
5393,PAOM,medium_airport,Nome Airport,64.5121994,-165.4450073,37,NA,United States,US,Alaska,US-AK,AK,Nome,1,PAOM,OME,OME,,https://en.wikipedia.org/wiki/Nome_Airport,,750,2008-06-13T14:30:04+00:00
3752,KONT,large_airport,Ontario International Airport,34.05599976,-117.6009979,944,NA,United States,US,California,US-CA,CA,Ontario,1,KONT,ONT,ONT,,https://en.wikipedia.org/wiki/LA/Ontario_International_Airport,,1475,2008-06-13T14:30:04+00:00
3754,KORD,large_airport,Chicago O'Hare International Airport,41.9786,-87.9048,672,NA,United States,US,Illinois,US-IL,IL,Chicago,1,KORD,ORD,ORD,https://www.flychicago.com/ohare/home/pages/default.aspx,https://en.wikipedia.org/wiki/O'Hare_International_Airport,"CHI, Orchard Place",1503175,2018-09-16T02:35:35+00:00
3755,KORF,medium_airport,Norfolk International Airport,36.8946,-76.201202,26,NA,United States,US,Virginia,US-VA,VA,Norfolk,1,KORF,ORF,ORF,,https://en.wikipedia.org/wiki/Norfolk_International_Airport,,750,2021-11-21T15:01:46+00:00
3756,KORH,medium_airport,Worcester Regional Airport,42.2673,-71.875702,1009,NA,United States,US,Massachusetts,US-MA,MA,Worcester,1,KORH,ORH,ORH,,https://en.wikipedia.org/wiki/Worcester-Metrowest-Boston_Airport,,750,2021-10-06T17:46:21+00:00
3759,KOTH,medium_airport,Southwest Oregon Regional Airport,43.417099,-124.2460022,17,NA,United States,US,Oregon,US-OR,OR,North Bend,1,KOTH,OTH,OTH,,https://en.wikipedia.org/wiki/Southwest_Oregon_Regional_Airport,,750,2008-06-13T14:30:04+00:00
5395,PAOT,medium_airport,Ralph Wien Memorial Airport,66.88469696,-162.598999,14,NA,United States,US,Alaska,US-AK,AK,Kotzebue,1,PAOT,OTZ,OTZ,,https://en.wikipedia.org/wiki/Ralph_Wien_Memorial_Airport,,750,2010-01-23T11:28:11+00:00
3761,KOWB,medium_airport,Owensboro Daviess County Airport,37.74010086,-87.16680145,407,NA,United States,US,Kentucky,US-KY,KY,Owensboro,1,KOWB,OWB,OWB,,https://en.wikipedia.org/wiki/Owensboro-Daviess_County_Regional_Airport,,750,2010-01-23T11:28:03+00:00
3763,KPAE,medium_airport,Snohomish County (Paine Field) Airport,47.9063,-122.281998,606,NA,United States,US,Washington,US-WA,WA,Everett,1,KPAE,PAE,PAE,,https://en.wikipedia.org/wiki/Paine_Field,,500,2021-05-29T06:53:45+00:00
3764,KPAH,medium_airport,Barkley Regional Airport,37.06079865,-88.77380371,410,NA,United States,US,Kentucky,US-KY,KY,Paducah,1,KPAH,PAH,PAH,,https://en.wikipedia.org/wiki/Barkley_Regional_Airport,,750,2008-06-13T14:30:04+00:00
20808,KPBG,medium_airport,Plattsburgh International Airport,44.65090179,-73.4681015,234,NA,United States,US,New York,US-NY,NY,Plattsburgh,1,KPBG,PBG,PBG,http://www.plattsburghinternationalairport.com/,https://en.wikipedia.org/wiki/Plattsburgh_International_Airport,Plattsburgh Air Force Base,750,2008-06-13T14:30:04+00:00
3766,KPBI,large_airport,Palm Beach International Airport,26.68320084,-80.09559631,19,NA,United States,US,Florida,US-FL,FL,West Palm Beach,1,KPBI,PBI,PBI,,https://en.wikipedia.org/wiki/Palm_Beach_International_Airport,"MFW, South Florida",1275,2008-06-13T14:30:04+00:00
3768,KPDX,large_airport,Portland International Airport,45.58869934,-122.5979996,31,NA,United States,US,Oregon,US-OR,OR,Portland,1,KPDX,PDX,PDX,,https://en.wikipedia.org/wiki/Portland_International_Airport,,1015775,2010-01-23T11:28:03+00:00
20821,KPGA,medium_airport,Page Municipal Airport,36.92610168,-111.447998,4316,NA,United States,US,Arizona,US-AZ,AZ,Page,0,KPGA,PGA,PGA,,https://en.wikipedia.org/wiki/Page_Municipal_Airport,,250,2013-01-12T16:56:11+00:00
20822,KPGD,medium_airport,Charlotte County Airport,26.9202,-81.990501,26,NA,United States,US,Florida,US-FL,FL,Punta Gorda,1,KPGD,PGD,PGD,http://www.flypgd.com/,https://en.wikipedia.org/wiki/Punta_Gorda_Airport_(Florida),Punta Gorda AAF,500,2021-11-20T15:45:40+00:00
20824,KPGV,medium_airport,Pitt Greenville Airport,35.6352005,-77.38529968,26,NA,United States,US,North Carolina,US-NC,NC,Greenville,0,KPGV,PGV,PGV,,https://en.wikipedia.org/wiki/Pitt-Greenville_Airport,,250,2013-01-12T17:32:19+00:00
3770,KPHF,medium_airport,Newport News Williamsburg International Airport,37.131901,-76.492996,42,NA,United States,US,Virginia,US-VA,VA,Newport News,1,KPHF,PHF,PHF,,https://en.wikipedia.org/wiki/Newport_News/Williamsburg_International_Airport,,750,2022-10-22T16:30:49+00:00
3771,KPHL,large_airport,Philadelphia International Airport,39.87189865,-75.2410965,36,NA,United States,US,Pennsylvania,US-PA,PA,Philadelphia,1,KPHL,PHL,PHL,http://www.phl.org/,https://en.wikipedia.org/wiki/Philadelphia_International_Airport,,1031075,2008-06-13T14:30:04+00:00
3772,KPHX,large_airport,Phoenix Sky Harbor International Airport,33.435302,-112.005905,1135,NA,United States,US,Arizona,US-AZ,AZ,Phoenix,1,KPHX,PHX,PHX,http://phoenix.gov/skyharborairport/,https://en.wikipedia.org/wiki/Phoenix_Sky_Harbor_International_Airport,,1060875,2021-07-22T18:14:49+00:00
3773,KPIA,medium_airport,General Wayne A. Downing Peoria International Airport,40.6642,-89.693298,660,NA,United States,US,Illinois,US-IL,IL,Peoria,1,KPIA,PIA,PIA,,https://en.wikipedia.org/wiki/General_Wayne_A._Downing_Peoria_International_Airport,Peoria International Airport,750,2021-11-20T15:42:11+00:00
3774,KPIB,medium_airport,Hattiesburg Laurel Regional Airport,31.4671,-89.337097,298,NA,United States,US,Mississippi,US-MS,MS,Moselle,1,KPIB,PIB,PIB,,https://en.wikipedia.org/wiki/Hattiesburg-Laurel_Regional_Airport,,750,2022-02-15T15:45:04+00:00
3775,KPIE,medium_airport,St. Petersburg Clearwater International Airport,27.9102,-82.687401,11,NA,United States,US,Florida,US-FL,FL,Pinellas Park,1,KPIE,PIE,PIE,,https://en.wikipedia.org/wiki/St._Petersburg-Clearwater_International_Airport,,750,2022-10-27T15:35:40+00:00
3776,KPIH,medium_airport,Pocatello Regional Airport,42.90980148,-112.5960007,4452,NA,United States,US,Idaho,US-ID,ID,Pocatello,1,KPIH,PIH,PIH,,https://en.wikipedia.org/wiki/Pocatello_Regional_Airport,,750,2008-06-13T14:30:04+00:00
3777,KPIR,medium_airport,Pierre Regional Airport,44.38270187,-100.2860031,1744,NA,United States,US,South Dakota,US-SD,SD,Pierre,1,KPIR,PIR,PIR,,https://en.wikipedia.org/wiki/Pierre_Regional_Airport,,750,2010-01-23T11:28:03+00:00
3778,KPIT,large_airport,Pittsburgh International Airport,40.49150085,-80.23290253,1203,NA,United States,US,Pennsylvania,US-PA,PA,Pittsburgh,1,KPIT,PIT,PIT,,https://en.wikipedia.org/wiki/Pittsburgh_International_Airport,,1021875,2010-01-23T11:28:03+00:00
3781,KPLN,medium_airport,Pellston Regional Airport of Emmet County Airport,45.57089996,-84.79669952,721,NA,United States,US,Michigan,US-MI,MI,Pellston,1,KPLN,PLN,PLN,,https://en.wikipedia.org/wiki/Pellston_Regional_Airport,,750,2010-01-23T11:28:03+00:00
3783,KPNS,medium_airport,Pensacola International Airport,30.4734,-87.1866,121,NA,United States,US,Florida,US-FL,FL,Pensacola,1,KPNS,PNS,PNS,http://www.flypensacola.com/,https://en.wikipedia.org/wiki/Pensacola_Regional_Airport,,750,2019-11-07T18:53:05+00:00
3787,KPQI,medium_airport,Presque Isle International Airport,46.688999,-68.0448,534,NA,United States,US,Maine,US-ME,ME,Presque Isle,1,KPQI,PQI,PQI,,https://en.wikipedia.org/wiki/Presque_Isle_International_Airport,Northern Maine Regional,750,2019-08-02T10:01:01+00:00
3789,KPRC,medium_airport,Prescott International Airport - Ernest A. Love Field,34.654499,-112.419998,5045,NA,United States,US,Arizona,US-AZ,AZ,Prescott,1,KPRC,PRC,PRC,,https://en.wikipedia.org/wiki/Ernest_A._Love_Field,,750,2021-11-20T15:32:33+00:00
20870,KPSC,medium_airport,Tri Cities Airport,46.26470184,-119.1190033,410,NA,United States,US,Washington,US-WA,WA,Pasco,1,KPSC,PSC,PSC,,,,750,2008-06-13T14:30:04+00:00
5398,PAPG,medium_airport,Petersburg James A Johnson Airport,56.80170059,-132.9450073,111,NA,United States,US,Alaska,US-AK,AK,Petersburg,1,PAPG,PSG,PSG,,https://en.wikipedia.org/wiki/Petersburg_James_A._Johnson_Airport,,750,2010-01-23T11:28:12+00:00
3791,KPSM,medium_airport,Portsmouth International at Pease Airport,43.07789993,-70.82330322,100,NA,United States,US,New Hampshire,US-NH,NH,Portsmouth,1,KPSM,PSM,PSM,,https://en.wikipedia.org/wiki/Pease_International_Airport,,750,2009-12-14T10:39:21+00:00
3792,KPSP,medium_airport,Palm Springs International Airport,33.8297,-116.507004,477,NA,United States,US,California,US-CA,CA,Palm Springs,1,KPSP,PSP,PSP,http://www.palmspringsca.gov/index.aspx?page=270,https://en.wikipedia.org/wiki/Palm_Springs_International_Airport,Palm Springs Air Base,750,2021-04-19T16:07:50+00:00
20883,KPUW,medium_airport,Pullman Moscow Regional Airport,46.7439,-117.110001,2556,NA,United States,US,Washington,US-WA,WA,Pullman/Moscow,1,KPUW,PUW,PUW,http://www.pullman-wa.gov/airport/,https://en.wikipedia.org/wiki/Pullman-Moscow_Regional_Airport,,500,2016-10-05T13:27:40+00:00
3795,KPVD,large_airport,Theodore Francis Green State Airport,41.725038,-71.425668,55,NA,United States,US,Rhode Island,US-RI,RI,Warwick,1,KPVD,PVD,PVD,https://flyri.com/,https://en.wikipedia.org/wiki/T._F._Green_Airport,,1050,2023-06-22T11:58:53+00:00
20890,KPVU,medium_airport,Provo-Utah Lake International Airport,40.2192,-111.723,4497,NA,United States,US,Utah,US-UT,UT,Provo,1,KPVU,PVU,PVU,http://www.provo.org/city-services/airport,https://en.wikipedia.org/wiki/Provo_Municipal_Airport,,500,2021-07-31T17:04:52+00:00
3796,KPWM,large_airport,Portland International Jetport,43.646198,-70.309303,76,NA,United States,US,Maine,US-ME,ME,Portland,1,KPWM,PWM,PWM,https://portlandjetport.org/,https://en.wikipedia.org/wiki/Portland_International_Jetport,,1275,2023-06-22T11:58:25+00:00
3838,KRAP,medium_airport,Rapid City Regional Airport,44.04529953,-103.0569992,3204,NA,United States,US,South Dakota,US-SD,SD,Rapid City,1,KRAP,RAP,RAP,,https://en.wikipedia.org/wiki/Rapid_City_Regional_Airport,,750,2008-06-13T14:30:04+00:00
3841,KRDD,medium_airport,Redding Municipal Airport,40.50899887,-122.2929993,505,NA,United States,US,California,US-CA,CA,Redding,1,KRDD,RDD,RDD,,https://en.wikipedia.org/wiki/Redding_Municipal_Airport,,750,2010-01-23T11:28:05+00:00
3843,KRDM,medium_airport,Roberts Field,44.2541008,-121.1500015,3080,NA,United States,US,Oregon,US-OR,OR,Redmond,1,KRDM,RDM,RDM,,https://en.wikipedia.org/wiki/Roberts_Field,,750,2010-01-23T11:28:05+00:00
3844,KRDU,large_airport,Raleigh Durham International Airport,35.877602,-78.787498,435,NA,United States,US,North Carolina,US-NC,NC,Raleigh/Durham,1,KRDU,RDU,RDU,https://www.rdu.com/,https://en.wikipedia.org/wiki/Raleigh-Durham_International_Airport,,1011675,2023-06-22T11:57:23+00:00
3845,KRFD,medium_airport,Chicago Rockford International Airport,42.1954,-89.097198,742,NA,United States,US,Illinois,US-IL,IL,Chicago/Rockford,1,KRFD,RFD,RFD,,https://en.wikipedia.org/wiki/Chicago/Rockford_International_Airport,,750,2021-11-20T15:46:22+00:00
3846,KRHI,medium_airport,Rhinelander Oneida County Airport,45.63119888,-89.46749878,1624,NA,United States,US,Wisconsin,US-WI,WI,Rhinelander,1,KRHI,RHI,RHI,,https://en.wikipedia.org/wiki/Rhinelander-Oneida_County_Airport,,750,2008-06-13T14:30:04+00:00
3847,KRIC,large_airport,Richmond International Airport,37.50519943,-77.31970215,167,NA,United States,US,Virginia,US-VA,VA,Richmond,1,KRIC,RIC,RIC,,https://en.wikipedia.org/wiki/Richmond_International_Airport,,1475,2008-06-13T14:30:04+00:00
20933,KRIW,medium_airport,Central Wyoming Regional Airport,43.064201,-108.459999,5525,NA,United States,US,Wyoming,US-WY,WY,Riverton,1,KRIW,RIW,RIW,https://centralwyomingairport.com/,https://en.wikipedia.org/wiki/Central_Wyoming_Regional_Airport,,500,2023-04-05T21:26:30+00:00
3850,KRKS,medium_airport,Southwest Wyoming Regional Airport,41.5942,-109.065001,6764,NA,United States,US,Wyoming,US-WY,WY,Rock Springs,1,KRKS,RKS,RKS,,https://en.wikipedia.org/wiki/Rock_Springs_-_Sweetwater_County_Airport,Rock Springs Sweetwater County,750,2018-11-25T13:25:27+00:00
3853,KRNO,large_airport,Reno Tahoe International Airport,39.49909973,-119.7679977,4415,NA,United States,US,Nevada,US-NV,NV,Reno,1,KRNO,RNO,RNO,,https://en.wikipedia.org/wiki/Reno-Tahoe_International_Airport,,1050,2009-02-03T07:40:35+00:00
3854,KROA,medium_airport,Roanoke–Blacksburg Regional Airport,37.3255,-79.975403,1175,NA,United States,US,Virginia,US-VA,VA,Roanoke,1,KROA,ROA,ROA,http://www.roanokeairport.com/,https://en.wikipedia.org/wiki/Roanoke%E2%80%93Blacksburg_Regional_Airport,Woodrum Field,750,2021-11-20T15:34:21+00:00
3855,KROC,medium_airport,Frederick Douglass Greater Rochester International Airport,43.1189,-77.672401,559,NA,United States,US,New York,US-NY,NY,Rochester,1,KROC,ROC,ROC,https://rocairport.com/,https://en.wikipedia.org/wiki/Greater_Rochester_International_Airport,,750,2022-06-05T00:05:59+00:00
3856,KROW,medium_airport,Roswell Air Center Airport,33.301601,-104.530998,3671,NA,United States,US,New Mexico,US-NM,NM,Roswell,1,KROW,ROW,ROW,,https://en.wikipedia.org/wiki/Roswell_International_Air_Center,"Roswell Army Air Field, Walker Air Force Base",750,2020-05-30T15:27:01+00:00
3857,KRST,medium_airport,Rochester International Airport,43.908298,-92.5,1317,NA,United States,US,Minnesota,US-MN,MN,Rochester,1,KRST,RST,RST,,https://en.wikipedia.org/wiki/Rochester_International_Airport,,750,2021-11-21T15:10:22+00:00
3858,KRSW,large_airport,Southwest Florida International Airport,26.53619957,-81.75520325,30,NA,United States,US,Florida,US-FL,FL,Fort Myers,1,KRSW,RSW,RSW,http://www.flylcpa.com/,https://en.wikipedia.org/wiki/Southwest_Florida_International_Airport,,51150,2009-04-15T21:59:48+00:00
21033,KSAF,medium_airport,Santa Fe Municipal Airport,35.6171,-106.088997,6348,NA,United States,US,New Mexico,US-NM,NM,Santa Fe,1,KSAF,SAF,SAF,https://flysantafe.com/flights/airlines/,https://en.wikipedia.org/wiki/Santa_Fe_Regional_Airport,,500,2023-04-11T01:16:47+00:00
3862,KSAN,large_airport,San Diego International Airport,32.73360062,-117.1900024,17,NA,United States,US,California,US-CA,CA,San Diego,1,KSAN,SAN,SAN,http://www.san.org/,https://en.wikipedia.org/wiki/San_Diego_International_Airport,Lindbergh Field,1017175,2014-12-10T01:00:52+00:00
3863,KSAT,large_airport,San Antonio International Airport,29.533701,-98.469803,809,NA,United States,US,Texas,US-TX,TX,San Antonio,1,KSAT,SAT,SAT,https://www.sanantonio.gov/aviation,https://en.wikipedia.org/wiki/San_Antonio_International_Airport,,1475,2022-09-25T21:25:37+00:00
3864,KSAV,large_airport,Savannah Hilton Head International Airport,32.12760162,-81.20210266,50,NA,United States,US,Georgia,US-GA,GA,Savannah,1,KSAV,SAV,SAV,,https://en.wikipedia.org/wiki/Savannah/Hilton_Head_International_Airport,,1275,2010-01-23T11:28:05+00:00
3865,KSAW,medium_airport,Marquette/Sawyer International Airport,46.3536,-87.395401,1221,NA,United States,US,Michigan,US-MI,MI,Gwinn,1,KSAW,MQT,SAW,http://www.sawyerairport.com/,https://en.wikipedia.org/wiki/Sawyer_International_Airport,,500,2023-07-13T22:39:48+00:00
3866,KSBA,medium_airport,Santa Barbara Municipal Airport,34.42620087,-119.8399963,13,NA,United States,US,California,US-CA,CA,Santa Barbara,1,KSBA,SBA,SBA,,https://en.wikipedia.org/wiki/Santa_Barbara_Airport,,750,2010-01-23T11:28:05+00:00
3868,KSBN,medium_airport,South Bend Regional Airport,41.708698,-86.317299,799,NA,United States,US,Indiana,US-IN,IN,South Bend,1,KSBN,SBN,SBN,,https://en.wikipedia.org/wiki/South_Bend_Regional_Airport,,750,2021-08-01T05:32:31+00:00
3869,KSBP,medium_airport,San Luis County Regional Airport,35.23680115,-120.6419983,212,NA,United States,US,California,US-CA,CA,San Luis Obispo,1,KSBP,SBP,SBP,http://www.sloairport.com/,https://en.wikipedia.org/wiki/San_Luis_Obispo_County_Regional_Airport,SLO Airport,750,2014-06-11T07:23:42+00:00
3870,KSBY,medium_airport,Salisbury Ocean City Wicomico Regional Airport,38.34049988,-75.51029968,52,NA,United States,US,Maryland,US-MD,MD,Salisbury,1,KSBY,SBY,SBY,,https://en.wikipedia.org/wiki/Wicomico_Regional_Airport,,750,2008-06-13T14:30:04+00:00
5405,PASC,medium_airport,Deadhorse Airport,70.19470215,-148.4649963,65,NA,United States,US,Alaska,US-AK,AK,Deadhorse,1,PASC,SCC,SCC,,https://en.wikipedia.org/wiki/Deadhorse_Airport,,750,2010-01-23T11:28:12+00:00
3872,KSCK,medium_airport,Stockton Metropolitan Airport,37.89419937,-121.237999,33,NA,United States,US,California,US-CA,CA,Stockton,0,KSCK,SCK,SCK,http://www.sjgov.org/airport/,https://en.wikipedia.org/wiki/Stockton_Metropolitan_Airport,,400,2015-05-17T14:22:59+00:00
3873,KSDF,large_airport,Louisville Muhammad Ali International Airport,38.1744,-85.736,501,NA,United States,US,Kentucky,US-KY,KY,Louisville,1,KSDF,SDF,SDF,http://www.flylouisville.com,https://en.wikipedia.org/wiki/Louisville_International_Airport,"Louisville International, Standiford Field",1875,2019-12-14T21:35:15+00:00
3875,KSEA,large_airport,Seattle–Tacoma International Airport,47.449162,-122.311134,433,NA,United States,US,Washington,US-WA,WA,Seattle,1,KSEA,SEA,SEA,,https://en.wikipedia.org/wiki/Seattle%E2%80%93Tacoma_International_Airport,,1000,2022-09-02T15:15:24+00:00
3876,KSFB,large_airport,Orlando Sanford International Airport,28.77759933,-81.23750305,55,NA,United States,US,Florida,US-FL,FL,Orlando,1,KSFB,SFB,SFB,,https://en.wikipedia.org/wiki/Orlando_Sanford_International_Airport,,1275,2008-06-13T14:30:04+00:00
3878,KSFO,large_airport,San Francisco International Airport,37.61899948,-122.375,13,NA,United States,US,California,US-CA,CA,San Francisco,1,KSFO,SFO,SFO,http://www.flysfo.com/,https://en.wikipedia.org/wiki/San_Francisco_International_Airport,"QSF, QBA",1112475,2008-06-13T14:30:04+00:00
3879,KSGF,medium_airport,Springfield Branson National Airport,37.245701,-93.388603,1268,NA,United States,US,Missouri,US-MO,MO,Springfield,1,KSGF,SGF,SGF,,https://en.wikipedia.org/wiki/Springfield/Branson_National_Airport,,750,2021-11-20T16:31:46+00:00
21065,KSGU,medium_airport,St George Regional Airport,37.036389,-113.510306,2941,NA,United States,US,Utah,US-UT,UT,St George,1,KSGU,SGU,SGU,https://www.flysgu.org,https://en.wikipedia.org/wiki/St._George_Regional_Airport,DXZ,500,2022-03-04T16:02:31+00:00
21066,KSHD,medium_airport,Shenandoah Valley Regional Airport,38.263802,-78.8964,1201,NA,United States,US,Virginia,US-VA,VA,Weyers Cave,1,KSHD,SHD,SHD,,https://en.wikipedia.org/wiki/Shenandoah_Valley_Regional_Airport,"Harrisonburg, Staunton, Waynesboro",500,2022-02-22T18:04:27+00:00
3881,KSHR,medium_airport,Sheridan County Airport,44.76919937,-106.9800034,4021,NA,United States,US,Wyoming,US-WY,WY,Sheridan,1,KSHR,SHR,SHR,,https://en.wikipedia.org/wiki/Sheridan_County_Airport,,750,2008-06-13T14:30:04+00:00
3882,KSHV,medium_airport,Shreveport Regional Airport,32.446602,-93.8256,258,NA,United States,US,Louisiana,US-LA,LA,Shreveport,1,KSHV,SHV,SHV,,https://en.wikipedia.org/wiki/Shreveport_Regional_Airport,,750,2018-09-15T19:00:21+00:00
5408,PASI,medium_airport,Sitka Rocky Gutierrez Airport,57.04710007,-135.3619995,21,NA,United States,US,Alaska,US-AK,AK,Sitka,1,PASI,SIT,SIT,,https://en.wikipedia.org/wiki/Sitka_Rocky_Gutierrez_Airport,,750,2008-06-13T14:30:04+00:00
3883,KSJC,large_airport,Norman Y. Mineta San Jose International Airport,37.362452,-121.929188,62,NA,United States,US,California,US-CA,CA,San Jose,1,KSJC,SJC,SJC,https://www.flysanjose.com/,https://en.wikipedia.org/wiki/San_Jose_International_Airport,,1000,2022-09-02T15:17:36+00:00
3884,KSJT,medium_airport,San Angelo Regional Mathis Field,31.35770035,-100.4960022,1919,NA,United States,US,Texas,US-TX,TX,San Angelo,1,KSJT,SJT,SJT,,https://en.wikipedia.org/wiki/San_Angelo_Regional_Airport,,750,2008-06-13T14:30:04+00:00
3887,KSLC,large_airport,Salt Lake City International Airport,40.785749,-111.979746,4227,NA,United States,US,Utah,US-UT,UT,Salt Lake City,1,KSLC,SLC,SLC,,https://en.wikipedia.org/wiki/Salt_Lake_City_International_Airport,,1025075,2021-03-12T13:26:58+00:00
3891,KSLN,medium_airport,Salina Municipal Airport,38.79100037,-97.65219879,1288,NA,United States,US,Kansas,US-KS,KS,Salina,1,KSLN,SLN,SLN,,https://en.wikipedia.org/wiki/Salina_Municipal_Airport,,750,2008-06-13T14:30:04+00:00
3892,KSMF,large_airport,Sacramento International Airport,38.69540024,-121.5910034,27,NA,United States,US,California,US-CA,CA,Sacramento,1,KSMF,SMF,SMF,,https://en.wikipedia.org/wiki/Sacramento_International_Airport,,51475,2008-06-13T14:30:04+00:00
3893,KSMX,medium_airport,Santa Maria Public Airport Captain G Allan Hancock Field,34.898899,-120.457001,261,NA,United States,US,California,US-CA,CA,Santa Maria,1,KSMX,SMX,SMX,,https://en.wikipedia.org/wiki/Santa_Maria_Public_Airport,,750,2021-10-15T21:34:41+00:00
3894,KSNA,large_airport,John Wayne Orange County International Airport,33.675701,-117.867996,56,NA,United States,US,California,US-CA,CA,Santa Ana,1,KSNA,SNA,SNA,http://www.ocair.com/,https://en.wikipedia.org/wiki/John_Wayne_Airport,"Disney, Disneyland, Orange County",1000,2023-05-11T14:55:36+00:00
3897,KSPI,medium_airport,Abraham Lincoln Capital Airport,39.844101,-89.677902,598,NA,United States,US,Illinois,US-IL,IL,Springfield,1,KSPI,SPI,SPI,,https://en.wikipedia.org/wiki/Abraham_Lincoln_Capital_Airport,,750,2021-11-20T15:49:18+00:00
3898,KSPS,medium_airport,Sheppard Air Force Base / Wichita Falls Municipal Airport,33.9888,-98.491898,1019,NA,United States,US,Texas,US-TX,TX,Wichita Falls,1,KSPS,SPS,SPS,http://www.flywichitafalls.net/,https://en.wikipedia.org/wiki/Wichita_Falls_Municipal_Airport,Sheppard Air Force Base,750,2022-04-16T16:53:03+00:00
3899,KSRQ,medium_airport,Sarasota Bradenton International Airport,27.395399,-82.554398,30,NA,United States,US,Florida,US-FL,FL,Sarasota/Bradenton,1,KSRQ,SRQ,SRQ,,https://en.wikipedia.org/wiki/Sarasota-Bradenton_International_Airport,,750,2021-11-20T15:26:55+00:00
3903,KSTC,medium_airport,Saint Cloud Regional Airport,45.5466,-94.059898,1031,NA,United States,US,Minnesota,US-MN,MN,Saint Cloud,1,KSTC,STC,STC,,https://en.wikipedia.org/wiki/St._Cloud_Regional_Airport,,750,2020-10-13T00:44:13+00:00
3905,KSTL,large_airport,St Louis Lambert International Airport,38.748697,-90.370003,618,NA,United States,US,Missouri,US-MO,MO,St Louis,1,KSTL,STL,STL,https://www.flystl.com/,https://en.wikipedia.org/wiki/St._Louis_Lambert_International_Airport,Lambert St Louis,1047075,2018-09-21T03:04:43+00:00
21114,KSTS,medium_airport,Charles M. Schulz Sonoma County Airport,38.50899887,-122.8130035,128,NA,United States,US,California,US-CA,CA,Santa Rosa,1,KSTS,STS,STS,http://www.sonomacountyairport.org/,https://en.wikipedia.org/wiki/Charles_M._Schulz_-_Sonoma_County_Airport,,500,2014-04-11T19:00:49+00:00
21118,KSUN,medium_airport,Friedman Memorial Airport,43.50439835,-114.2959976,5318,NA,United States,US,Idaho,US-ID,ID,Hailey,1,KSUN,SUN,SUN,,https://en.wikipedia.org/wiki/Friedman_Memorial_Airport,,500,2012-05-10T17:56:16+00:00
3909,KSUX,medium_airport,Sioux Gateway Airport / Brigadier General Bud Day Field,42.397605,-96.382237,1098,NA,United States,US,Iowa,US-IA,IA,Sioux City,1,KSUX,SUX,SUX,https://www.sioux-city.org/government/departments-a-f/airport,https://en.wikipedia.org/wiki/Sioux_Gateway_Airport,"Col. Bud Day, Sioux City AB, Sioux City AAB",750,2021-11-20T15:52:32+00:00
3911,KSWF,medium_airport,New York Stewart International Airport,41.504101,-74.104797,491,NA,United States,US,New York,US-NY,NY,Newburgh,1,KSWF,SWF,SWF,,https://en.wikipedia.org/wiki/Stewart_International_Airport,,750,2019-07-14T17:43:57+00:00
3912,KSWO,medium_airport,Stillwater Regional Airport,36.16120148,-97.08570099,1000,NA,United States,US,Oklahoma,US-OK,OK,Stillwater,0,KSWO,SWO,SWO,http://stillwater.org/government/city_facilities/stillwater_regional_airport/,https://en.wikipedia.org/wiki/Stillwater_Regional_Airport,,300,2015-08-09T16:07:45+00:00
3913,KSYR,large_airport,Syracuse Hancock International Airport,43.11119843,-76.10630035,421,NA,United States,US,New York,US-NY,NY,Syracuse,1,KSYR,SYR,SYR,http://www.syrairport.org/,https://en.wikipedia.org/wiki/Syracuse_Hancock_International_Airport,,1275,2009-07-11T20:52:07+00:00
3915,KTBN,medium_airport,Waynesville-St. Robert Regional Airport-Forney Field,37.7416,-92.140701,1159,NA,United States,US,Missouri,US-MO,MO,Fort Leonard Wood,1,KTBN,TBN,TBN,,https://en.wikipedia.org/wiki/Waynesville_Regional_Airport_at_Forney_Field,,750,2022-12-12T13:15:59+00:00
3924,KTLH,medium_airport,Tallahassee Regional Airport,30.3965,-84.350304,81,NA,United States,US,Florida,US-FL,FL,Tallahassee,1,KTLH,TLH,TLH,,https://en.wikipedia.org/wiki/Tallahassee_Regional_Airport,,750,2021-11-20T15:24:50+00:00
3925,KTOL,medium_airport,Eugene F. Kranz Toledo Express Airport,41.5868,-83.8078,683,NA,United States,US,Ohio,US-OH,OH,Toledo,1,KTOL,TOL,TOL,,https://en.wikipedia.org/wiki/Toledo_Express_Airport,,750,2021-10-12T12:01:10+00:00
3926,KTPA,large_airport,Tampa International Airport,27.97550011,-82.53320313,26,NA,United States,US,Florida,US-FL,FL,Tampa,1,KTPA,TPA,TPA,,https://en.wikipedia.org/wiki/Tampa_International_Airport,,1017475,2008-06-13T14:30:04+00:00
3928,KTRI,medium_airport,Tri-Cities Regional TN/VA Airport,36.475201,-82.407401,1519,NA,United States,US,Tennessee,US-TN,TN,Blountville,1,KTRI,TRI,TRI,,https://en.wikipedia.org/wiki/Tri-Cities_Regional_Airport,,750,2022-09-17T22:53:50+00:00
3929,KTTN,medium_airport,Trenton Mercer Airport,40.27669907,-74.81349945,213,NA,United States,US,New Jersey,US-NJ,NJ,Trenton,1,KTTN,TTN,TTN,,https://en.wikipedia.org/wiki/Trenton-Mercer_Airport,,750,2008-06-13T14:30:04+00:00
3930,KTUL,large_airport,Tulsa International Airport,36.19839859,-95.88809967,677,NA,United States,US,Oklahoma,US-OK,OK,Tulsa,1,KTUL,TUL,TUL,,https://en.wikipedia.org/wiki/Tulsa_International_Airport,,1475,2008-06-13T14:30:04+00:00
3931,KTUP,medium_airport,Tupelo Regional Airport,34.26810074,-88.76989746,346,NA,United States,US,Mississippi,US-MS,MS,Tupelo,1,KTUP,TUP,TUP,,https://en.wikipedia.org/wiki/Tupelo_Regional_Airport,,750,2008-06-13T14:30:04+00:00
3932,KTUS,medium_airport,Tucson International Airport / Morris Air National Guard Base,32.115004,-110.938053,2643,NA,United States,US,Arizona,US-AZ,AZ,Tucson,1,KTUS,TUS,TUS,https://www.flytucson.com/,https://en.wikipedia.org/wiki/Tucson_International_Airport,"tucson, tucson international, morris angb",750,2021-11-21T14:59:59+00:00
3933,KTVC,medium_airport,Cherry Capital Airport,44.74140167,-85.5821991,624,NA,United States,US,Michigan,US-MI,MI,Traverse City,1,KTVC,TVC,TVC,,https://en.wikipedia.org/wiki/Cherry_Capital_Airport,,750,2008-06-13T14:30:04+00:00
3935,KTWF,medium_airport,Joslin Field Magic Valley Regional Airport,42.4818,-114.487999,4154,NA,United States,US,Idaho,US-ID,ID,Twin Falls,1,KTWF,TWF,TWF,,https://en.wikipedia.org/wiki/Magic_Valley_Regional_Airport,,750,2018-03-05T08:38:40+00:00
3936,KTXK,medium_airport,Texarkana Regional Airport (Webb Field),33.453701,-93.990997,390,NA,United States,US,Arkansas,US-AR,AR,Texarkana,1,KTXK,TXK,TXK,,https://en.wikipedia.org/wiki/Texarkana_Regional_Airport,,750,2022-10-23T15:57:10+00:00
3937,KTYR,medium_airport,Tyler Pounds Regional Airport,32.35409927,-95.40239716,544,NA,United States,US,Texas,US-TX,TX,Tyler,1,KTYR,TYR,TYR,,https://en.wikipedia.org/wiki/Tyler_Pounds_Regional_Airport,,750,2008-06-13T14:30:04+00:00
3938,KTYS,medium_airport,McGhee Tyson Airport,35.811001,-83.994003,981,NA,United States,US,Tennessee,US-TN,TN,Alcoa,1,KTYS,TYS,TYS,,https://en.wikipedia.org/wiki/McGhee_Tyson_Airport,Knoxville,750,2022-09-26T00:02:27+00:00
21300,KUNV,medium_airport,University Park Airport,40.849374,-77.84852,1239,NA,United States,US,Pennsylvania,US-PA,PA,State College,1,KUNV,SCE,UNV,http://universityparkairport.com/,https://en.wikipedia.org/wiki/University_Park_Airport,,500,2022-02-11T15:18:00+00:00
3946,KVLD,medium_airport,Valdosta Regional Airport,30.78249931,-83.27670288,203,NA,United States,US,Georgia,US-GA,GA,Valdosta,1,KVLD,VLD,VLD,,https://en.wikipedia.org/wiki/Valdosta_Regional_Airport,,750,2008-06-13T14:30:04+00:00
3948,KVPS,medium_airport,Destin-Fort Walton Beach Airport,30.4832,-86.525398,87,NA,United States,US,Florida,US-FL,FL,Valparaiso,1,KVPS,VPS,VPS,http://www.flyvps.com/,https://en.wikipedia.org/wiki/Destin%E2%80%93Fort_Walton_Beach_Airport,Eglin AFB,750,2021-11-20T15:43:19+00:00
5421,PAWG,medium_airport,Wrangell Airport,56.48429871,-132.3699951,49,NA,United States,US,Alaska,US-AK,AK,Wrangell,1,PAWG,WRG,WRG,,https://en.wikipedia.org/wiki/Wrangell_Airport,,750,2010-01-23T11:28:13+00:00
3955,KWYS,medium_airport,Yellowstone Airport,44.68840027,-111.1179962,6649,NA,United States,US,Montana,US-MT,MT,West Yellowstone,0,KWYS,WYS,WYS,,https://en.wikipedia.org/wiki/Yellowstone_Airport,,300,2013-06-29T10:01:19+00:00
21410,KXNA,medium_airport,Northwest Arkansas National Airport,36.281898,-94.306801,1287,NA,United States,US,Arkansas,US-AR,AR,Fayetteville/Springdale/Rogers,1,KXNA,XNA,XNA,http://www.flyxna.com/,https://en.wikipedia.org/wiki/Northwest_Arkansas_Regional_Airport,"Bentonville, Rogers",500,2023-06-22T17:27:17+00:00
324440,US-0571,medium_airport,Williston Basin International Airport,48.258387,-103.748797,2344,NA,United States,US,North Dakota,US-ND,ND,Williston,1,KXWA,XWA,XWA,http://www.xwaproject.com/,https://en.wikipedia.org/wiki/Williston_Basin_International_Airport,,500,2019-10-11T16:54:07+00:00
26343,PAYA,medium_airport,Yakutat Airport,59.508717,-139.660435,33,NA,United States,US,Alaska,US-AK,AK,Yakutat,1,PAYA,YAK,YAK,,https://en.wikipedia.org/wiki/Yakutat_Airport,,550,2021-01-14T15:19:31+00:00
3958,KYKM,medium_airport,Yakima Air Terminal McAllister Field,46.56819916,-120.5439987,1099,NA,United States,US,Washington,US-WA,WA,Yakima,1,KYKM,YKM,YKM,,https://en.wikipedia.org/wiki/Yakima_Air_Terminal,,750,2010-01-23T11:28:09+00:00
